Record Length,2500,Points,-387.99999E-6,-1.2000,
Sample Interval,400.00000E-9,s,-387.59998E-6,-1.2000,
Trigger Point,969.999953,Samples,-387.19998E-6,-1.2000,
,,,-386.79998E-6,-1.2000,
,,,-386.39997E-6,-1.2000,
,,,-386.00000E-6,-1.2000,
Source,CH1,,-385.60000E-6,-1.2000,
Vertical Units,Volts,,-385.19999E-6,-1.2000,
Vertical Scale,5.00000,,-384.79999E-6,-1.2000,
Vertical Offset,0,,-384.39999E-6,-1.2000,
Horizontal Units,s,,-383.99998E-6,-1.2000,
Horizontal Scale,100.0000E-6,,-383.59998E-6,-1.2000,
Pt Fmt,Y,,-383.19998E-6,-1.2000,
Yzero,0.0,,-382.79998E-6,-1.2000,
Probe Atten,1.000,,-382.39997E-6,-1.2000,
,,,-382.00000E-6,-1.2000,
Note,TDS 1012B - 15:37:25   14/11/2016,,-381.60000E-6,-1.2000,
,,,-381.19999E-6,-1.2000,
,,,-380.79999E-6,-1.2000,
,,,-380.39999E-6,-1.2000,
,,,-379.99998E-6,-1.2000,
,,,-379.59998E-6,-1.2000,
,,,-379.19998E-6,-1.2000,
,,,-378.79997E-6,-1.2000,
,,,-378.40000E-6,-1.2000,
,,,-378.00000E-6,-1.2000,
,,,-377.59999E-6,-1.2000,
,,,-377.19999E-6,-1.2000,
,,,-376.79999E-6,-1.2000,
,,,-376.39998E-6,-1.2000,
,,,-375.99998E-6,-1.2000,
,,,-375.59998E-6,-1.2000,
,,,-375.19998E-6,-1.2000,
,,,-374.79997E-6,-1.2000,
,,,-374.40000E-6,-1.2000,
,,,-374.00000E-6,-1.2000,
,,,-373.59999E-6,-1.2000,
,,,-373.19999E-6,-1.2000,
,,,-372.79999E-6,-1.2000,
,,,-372.39998E-6,-1.2000,
,,,-371.99998E-6,-1.2000,
,,,-371.59998E-6,-1.2000,
,,,-371.19997E-6,-1.2000,
,,,-370.79997E-6,-1.2000,
,,,-370.40000E-6,-1.2000,
,,,-369.99999E-6,-1.000,
,,,-369.59999E-6,-1.2000,
,,,-369.19999E-6,-1.2000,
,,,-368.79999E-6,-1.2000,
,,,-368.39998E-6,-1.2000,
,,,-367.99998E-6,-1.2000,
,,,-367.59998E-6,-1.000,
,,,-367.19997E-6,-1.000,
,,,-366.80000E-6,-1.2000,
,,,-366.40000E-6,-1.000,
,,,-365.99999E-6,-1.000,
,,,-365.59999E-6,-1.2000,
,,,-365.19999E-6,-1.000,
,,,-364.79998E-6,-1.2000,
,,,-364.39998E-6,-1.2000,
,,,-363.99998E-6,-1.2000,
,,,-363.59997E-6,-1.000,
,,,-363.19997E-6,-1.000,
,,,-362.80000E-6,-1.000,
,,,-362.39999E-6,-1.000,
,,,-361.99999E-6,-1.000,
,,,-361.59999E-6,-1.000,
,,,-361.19999E-6,-1.000,
,,,-360.79998E-6,-1.000,
,,,-360.39998E-6,-1.000,
,,,-359.99998E-6,-1.000,
,,,-359.59997E-6,-1.000,
,,,-359.20000E-6,-1.000,
,,,-358.80000E-6,-1.000,
,,,-358.39999E-6,-1.000,
,,,-357.99999E-6,-1.000,
,,,-357.59999E-6,-1.000,
,,,-357.19998E-6,-1.000,
,,,-356.79998E-6,-1.000,
,,,-356.39998E-6,-1.000,
,,,-355.99997E-6,-1.000,
,,,-355.59997E-6,-1.000,
,,,-355.20000E-6,-1.000,
,,,-354.79999E-6,-1.000,
,,,-354.39999E-6,-1.000,
,,,-353.99999E-6,-1.000,
,,,-353.59999E-6,-1.000,
,,,-353.19998E-6,-1.000,
,,,-352.79998E-6,-1.000,
,,,-352.39998E-6,-1.000,
,,,-351.99997E-6,-1.000,
,,,-351.60000E-6,-1.000,
,,,-351.20000E-6,-1.000,
,,,-350.79999E-6,-1.000,
,,,-350.39999E-6,-1.000,
,,,-349.99999E-6,-1.000,
,,,-349.59998E-6,-1.000,
,,,-349.19998E-6,-1.000,
,,,-348.79998E-6,-1.000,
,,,-348.39998E-6,-1.000,
,,,-347.99997E-6,-1.000,
,,,-347.60000E-6,-1.000,
,,,-347.20000E-6,-1.000,
,,,-346.79999E-6,-1.000,
,,,-346.39999E-6,-1.000,
,,,-345.99999E-6,-1.000,
,,,-345.59998E-6,-1.000,
,,,-345.19998E-6,-1.000,
,,,-344.79998E-6,-1.000,
,,,-344.39997E-6,-1.000,
,,,-343.99997E-6,-1.000,
,,,-343.60000E-6,-1.000,
,,,-343.19999E-6,-1.000,
,,,-342.79999E-6,-1.000,
,,,-342.39999E-6,-1.000,
,,,-341.99998E-6,-1.000,
,,,-341.59998E-6,-1.000,
,,,-341.19998E-6,-1.000,
,,,-340.79998E-6,-1.000,
,,,-340.39997E-6,-1.000,
,,,-340.00000E-6,-1.000,
,,,-339.60000E-6,-800.000012E-3,
,,,-339.19999E-6,-1.000,
,,,-338.79999E-6,-1.000,
,,,-338.39999E-6,-1.000,
,,,-337.99998E-6,-800.000012E-3,
,,,-337.59998E-6,-800.000012E-3,
,,,-337.19998E-6,-800.000012E-3,
,,,-336.79997E-6,-1.000,
,,,-336.39997E-6,-1.000,
,,,-336.00000E-6,-800.000012E-3,
,,,-335.59999E-6,-800.000012E-3,
,,,-335.19999E-6,-800.000012E-3,
,,,-334.79999E-6,-800.000012E-3,
,,,-334.39999E-6,-800.000012E-3,
,,,-333.99998E-6,-800.000012E-3,
,,,-333.59998E-6,-800.000012E-3,
,,,-333.19998E-6,-800.000012E-3,
,,,-332.79997E-6,-800.000012E-3,
,,,-332.40000E-6,-800.000012E-3,
,,,-332.00000E-6,-800.000012E-3,
,,,-331.59999E-6,-800.000012E-3,
,,,-331.19999E-6,-800.000012E-3,
,,,-330.79999E-6,-800.000012E-3,
,,,-330.39998E-6,-800.000012E-3,
,,,-329.99998E-6,-800.000012E-3,
,,,-329.59998E-6,-800.000012E-3,
,,,-329.19997E-6,-800.000012E-3,
,,,-328.79997E-6,-800.000012E-3,
,,,-328.40000E-6,-800.000012E-3,
,,,-327.99999E-6,-800.000012E-3,
,,,-327.59999E-6,-800.000012E-3,
,,,-327.19999E-6,-800.000012E-3,
,,,-326.79999E-6,-800.000012E-3,
,,,-326.39998E-6,-800.000012E-3,
,,,-325.99998E-6,-800.000012E-3,
,,,-325.59998E-6,-800.000012E-3,
,,,-325.19997E-6,-800.000012E-3,
,,,-324.80000E-6,-800.000012E-3,
,,,-324.40000E-6,-800.000012E-3,
,,,-323.99999E-6,-800.000012E-3,
,,,-323.59999E-6,-800.000012E-3,
,,,-323.19999E-6,-800.000012E-3,
,,,-322.79998E-6,-800.000012E-3,
,,,-322.39998E-6,-800.000012E-3,
,,,-321.99998E-6,-800.000012E-3,
,,,-321.59997E-6,-800.000012E-3,
,,,-321.19997E-6,-800.000012E-3,
,,,-320.80000E-6,-800.000012E-3,
,,,-320.39999E-6,-800.000012E-3,
,,,-319.99999E-6,-600.000024E-3,
,,,-319.59999E-6,-800.000012E-3,
,,,-319.19999E-6,-800.000012E-3,
,,,-318.79998E-6,-800.000012E-3,
,,,-318.39998E-6,-600.000024E-3,
,,,-317.99998E-6,-800.000012E-3,
,,,-317.59997E-6,-800.000012E-3,
,,,-317.19997E-6,-800.000012E-3,
,,,-316.80000E-6,-800.000012E-3,
,,,-316.39999E-6,-600.000024E-3,
,,,-315.99999E-6,-800.000012E-3,
,,,-315.59999E-6,-600.000024E-3,
,,,-315.19998E-6,-800.000012E-3,
,,,-314.79998E-6,-600.000024E-3,
,,,-314.39998E-6,-600.000024E-3,
,,,-313.99998E-6,-800.000012E-3,
,,,-313.59997E-6,-600.000024E-3,
,,,-313.20000E-6,-600.000024E-3,
,,,-312.80000E-6,-600.000024E-3,
,,,-312.39999E-6,-600.000024E-3,
,,,-311.99999E-6,-600.000024E-3,
,,,-311.59999E-6,-600.000024E-3,
,,,-311.19998E-6,-600.000024E-3,
,,,-310.79998E-6,-600.000024E-3,
,,,-310.39998E-6,-600.000024E-3,
,,,-309.99997E-6,-600.000024E-3,
,,,-309.59997E-6,-600.000024E-3,
,,,-309.20000E-6,-600.000024E-3,
,,,-308.79999E-6,-600.000024E-3,
,,,-308.39999E-6,-600.000024E-3,
,,,-307.99999E-6,-600.000024E-3,
,,,-307.59998E-6,-600.000024E-3,
,,,-307.19998E-6,-600.000024E-3,
,,,-306.79998E-6,-600.000024E-3,
,,,-306.39998E-6,-600.000024E-3,
,,,-305.99997E-6,-600.000024E-3,
,,,-305.60000E-6,-600.000024E-3,
,,,-305.20000E-6,-600.000024E-3,
,,,-304.79999E-6,-600.000024E-3,
,,,-304.39999E-6,-600.000024E-3,
,,,-303.99999E-6,-600.000024E-3,
,,,-303.59998E-6,-600.000024E-3,
,,,-303.19998E-6,-600.000024E-3,
,,,-302.79998E-6,-600.000024E-3,
,,,-302.39997E-6,-600.000024E-3,
,,,-301.99997E-6,-600.000024E-3,
,,,-301.60000E-6,-600.000024E-3,
,,,-301.19999E-6,-600.000024E-3,
,,,-300.79999E-6,-600.000024E-3,
,,,-300.39999E-6,-600.000024E-3,
,,,-299.99999E-6,-600.000024E-3,
,,,-299.59998E-6,-600.000024E-3,
,,,-299.19998E-6,-600.000024E-3,
,,,-298.79998E-6,-600.000024E-3,
,,,-298.39997E-6,-600.000024E-3,
,,,-298.00000E-6,-600.000024E-3,
,,,-297.60000E-6,-600.000024E-3,
,,,-297.19999E-6,-600.000024E-3,
,,,-296.79999E-6,-400.00001E-3,
,,,-296.39999E-6,-400.00001E-3,
,,,-295.99998E-6,-600.000024E-3,
,,,-295.59998E-6,-400.00001E-3,
,,,-295.19998E-6,-600.000024E-3,
,,,-294.79997E-6,-600.000024E-3,
,,,-294.39997E-6,-400.00001E-3,
,,,-294.00000E-6,-600.000024E-3,
,,,-293.59999E-6,-400.00001E-3,
,,,-293.19999E-6,-400.00001E-3,
,,,-292.79999E-6,-600.000024E-3,
,,,-292.39999E-6,-400.00001E-3,
,,,-291.99998E-6,-400.00001E-3,
,,,-291.59998E-6,-400.00001E-3,
,,,-291.19998E-6,-400.00001E-3,
,,,-290.79997E-6,-400.00001E-3,
,,,-290.39997E-6,-400.00001E-3,
,,,-290.00000E-6,-400.00001E-3,
,,,-289.59999E-6,-400.00001E-3,
,,,-289.19999E-6,-400.00001E-3,
,,,-288.79999E-6,-400.00001E-3,
,,,-288.39998E-6,-400.00001E-3,
,,,-287.99998E-6,-400.00001E-3,
,,,-287.59998E-6,-400.00001E-3,
,,,-287.19997E-6,-400.00001E-3,
,,,-286.79997E-6,-400.00001E-3,
,,,-286.40000E-6,-400.00001E-3,
,,,-285.99999E-6,-400.00001E-3,
,,,-285.59999E-6,-400.00001E-3,
,,,-285.19999E-6,-400.00001E-3,
,,,-284.79999E-6,-400.00001E-3,
,,,-284.39998E-6,-400.00001E-3,
,,,-283.99998E-6,-400.00001E-3,
,,,-283.59998E-6,-400.00001E-3,
,,,-283.19997E-6,-400.00001E-3,
,,,-282.79997E-6,-400.00001E-3,
,,,-282.40000E-6,-400.00001E-3,
,,,-281.99999E-6,-400.00001E-3,
,,,-281.59999E-6,-400.00001E-3,
,,,-281.19999E-6,-400.00001E-3,
,,,-280.79998E-6,-400.00001E-3,
,,,-280.39998E-6,-400.00001E-3,
,,,-279.99998E-6,-400.00001E-3,
,,,-279.59998E-6,-400.00001E-3,
,,,-279.19997E-6,-200.00000E-3,
,,,-278.80000E-6,-400.00001E-3,
,,,-278.40000E-6,-400.00001E-3,
,,,-277.99999E-6,-400.00001E-3,
,,,-277.59999E-6,-400.00001E-3,
,,,-277.19999E-6,-200.00000E-3,
,,,-276.79998E-6,-200.00000E-3,
,,,-276.39998E-6,-200.00000E-3,
,,,-275.99998E-6,-200.00000E-3,
,,,-275.59997E-6,-200.00000E-3,
,,,-275.19997E-6,-400.00001E-3,
,,,-274.80000E-6,-200.00000E-3,
,,,-274.39999E-6,-200.00000E-3,
,,,-273.99999E-6,-200.00000E-3,
,,,-273.59999E-6,-200.00000E-3,
,,,-273.19998E-6,-200.00000E-3,
,,,-272.79998E-6,-200.00000E-3,
,,,-272.39998E-6,-200.00000E-3,
,,,-271.99998E-6,-200.00000E-3,
,,,-271.59997E-6,-200.00000E-3,
,,,-271.20000E-6,-200.00000E-3,
,,,-270.80000E-6,-200.00000E-3,
,,,-270.39999E-6,-200.00000E-3,
,,,-269.99999E-6,-200.00000E-3,
,,,-269.59999E-6,-200.00000E-3,
,,,-269.19998E-6,-200.00000E-3,
,,,-268.79998E-6,-200.00000E-3,
,,,-268.39998E-6,-200.00000E-3,
,,,-267.99997E-6,-200.00000E-3,
,,,-267.59997E-6,-200.00000E-3,
,,,-267.20000E-6,-200.00000E-3,
,,,-266.79999E-6,-200.00000E-3,
,,,-266.39999E-6,-200.00000E-3,
,,,-265.99999E-6,-200.00000E-3,
,,,-265.59999E-6,-200.00000E-3,
,,,-265.19998E-6,-200.00000E-3,
,,,-264.79998E-6,-200.00000E-3,
,,,-264.39998E-6,-200.00000E-3,
,,,-263.99997E-6,-200.00000E-3,
,,,-263.59997E-6,-200.00000E-3,
,,,-263.20000E-6,-200.00000E-3,
,,,-262.79999E-6,-200.00000E-3,
,,,-262.39999E-6,-200.00000E-3,
,,,-261.99999E-6,-200.00000E-3,
,,,-261.59998E-6,-200.00000E-3,
,,,-261.19998E-6,-200.00000E-3,
,,,-260.79998E-6,-200.00000E-3,
,,,-260.39997E-6,-200.00000E-3,
,,,-259.99997E-6,-200.00000E-3,
,,,-259.60000E-6,-200.00000E-3,
,,,-259.19999E-6,-200.00000E-3,
,,,-258.79999E-6,-200.00000E-3,
,,,-258.39999E-6,-200.00000E-3,
,,,-257.99999E-6,-200.00000E-3,
,,,-257.59998E-6,0.0,
,,,-257.19998E-6,0.0,
,,,-256.79998E-6,-200.00000E-3,
,,,-256.39997E-6,-200.00000E-3,
,,,-255.99997E-6,0.0,
,,,-255.60000E-6,0.0,
,,,-255.19999E-6,0.0,
,,,-254.79999E-6,-200.00000E-3,
,,,-254.39999E-6,0.0,
,,,-253.99998E-6,0.0,
,,,-253.59998E-6,0.0,
,,,-253.19998E-6,0.0,
,,,-252.79997E-6,0.0,
,,,-252.39997E-6,0.0,
,,,-252.00000E-6,0.0,
,,,-251.59999E-6,0.0,
,,,-251.19999E-6,0.0,
,,,-250.79999E-6,0.0,
,,,-250.39999E-6,0.0,
,,,-249.99998E-6,0.0,
,,,-249.59998E-6,0.0,
,,,-249.19998E-6,0.0,
,,,-248.79997E-6,0.0,
,,,-248.39997E-6,0.0,
,,,-248.00000E-6,0.0,
,,,-247.59999E-6,0.0,
,,,-247.19999E-6,0.0,
,,,-246.79999E-6,0.0,
,,,-246.39998E-6,0.0,
,,,-245.99998E-6,0.0,
,,,-245.59998E-6,0.0,
,,,-245.19998E-6,0.0,
,,,-244.79997E-6,0.0,
,,,-244.40000E-6,0.0,
,,,-243.99998E-6,0.0,
,,,-243.59998E-6,0.0,
,,,-243.19999E-6,0.0,
,,,-242.79999E-6,0.0,
,,,-242.39998E-6,0.0,
,,,-241.99998E-6,0.0,
,,,-241.59998E-6,0.0,
,,,-241.19999E-6,0.0,
,,,-240.79999E-6,0.0,
,,,-240.39998E-6,0.0,
,,,-239.99998E-6,0.0,
,,,-239.59999E-6,0.0,
,,,-239.19999E-6,0.0,
,,,-238.79998E-6,0.0,
,,,-238.39998E-6,0.0,
,,,-237.99998E-6,0.0,
,,,-237.59999E-6,200.00000E-3,
,,,-237.19999E-6,200.00000E-3,
,,,-236.79998E-6,200.00000E-3,
,,,-236.39998E-6,200.00000E-3,
,,,-235.99998E-6,200.00000E-3,
,,,-235.59999E-6,200.00000E-3,
,,,-235.19999E-6,200.00000E-3,
,,,-234.79998E-6,200.00000E-3,
,,,-234.39998E-6,200.00000E-3,
,,,-233.99998E-6,200.00000E-3,
,,,-233.59999E-6,200.00000E-3,
,,,-233.19999E-6,200.00000E-3,
,,,-232.79998E-6,200.00000E-3,
,,,-232.39998E-6,200.00000E-3,
,,,-231.99999E-6,200.00000E-3,
,,,-231.59999E-6,200.00000E-3,
,,,-231.19999E-6,200.00000E-3,
,,,-230.79998E-6,200.00000E-3,
,,,-230.39998E-6,200.00000E-3,
,,,-229.99999E-6,200.00000E-3,
,,,-229.59999E-6,200.00000E-3,
,,,-229.19998E-6,200.00000E-3,
,,,-228.79998E-6,200.00000E-3,
,,,-228.39998E-6,200.00000E-3,
,,,-227.99999E-6,200.00000E-3,
,,,-227.59999E-6,200.00000E-3,
,,,-227.19998E-6,200.00000E-3,
,,,-226.79998E-6,200.00000E-3,
,,,-226.39998E-6,200.00000E-3,
,,,-225.99999E-6,200.00000E-3,
,,,-225.59999E-6,200.00000E-3,
,,,-225.19998E-6,200.00000E-3,
,,,-224.79998E-6,200.00000E-3,
,,,-224.39998E-6,200.00000E-3,
,,,-223.99999E-6,200.00000E-3,
,,,-223.59999E-6,200.00000E-3,
,,,-223.19998E-6,200.00000E-3,
,,,-222.79998E-6,200.00000E-3,
,,,-222.39999E-6,200.00000E-3,
,,,-221.99999E-6,200.00000E-3,
,,,-221.59998E-6,200.00000E-3,
,,,-221.19998E-6,200.00000E-3,
,,,-220.79998E-6,200.00000E-3,
,,,-220.39999E-6,200.00000E-3,
,,,-219.99999E-6,200.00000E-3,
,,,-219.59998E-6,200.00000E-3,
,,,-219.19998E-6,200.00000E-3,
,,,-218.79998E-6,200.00000E-3,
,,,-218.39999E-6,200.00000E-3,
,,,-217.99999E-6,400.00001E-3,
,,,-217.59998E-6,200.00000E-3,
,,,-217.19998E-6,200.00000E-3,
,,,-216.79998E-6,200.00000E-3,
,,,-216.39999E-6,400.00001E-3,
,,,-215.99999E-6,400.00001E-3,
,,,-215.59998E-6,200.00000E-3,
,,,-215.19998E-6,400.00001E-3,
,,,-214.79998E-6,400.00001E-3,
,,,-214.39999E-6,400.00001E-3,
,,,-213.99999E-6,400.00001E-3,
,,,-213.59998E-6,400.00001E-3,
,,,-213.19998E-6,400.00001E-3,
,,,-212.79999E-6,400.00001E-3,
,,,-212.39999E-6,400.00001E-3,
,,,-211.99998E-6,400.00001E-3,
,,,-211.59998E-6,400.00001E-3,
,,,-211.19998E-6,400.00001E-3,
,,,-210.79999E-6,400.00001E-3,
,,,-210.39999E-6,400.00001E-3,
,,,-209.99998E-6,400.00001E-3,
,,,-209.59998E-6,400.00001E-3,
,,,-209.19998E-6,400.00001E-3,
,,,-208.79999E-6,400.00001E-3,
,,,-208.39999E-6,400.00001E-3,
,,,-207.99998E-6,400.00001E-3,
,,,-207.59998E-6,400.00001E-3,
,,,-207.19998E-6,400.00001E-3,
,,,-206.79999E-6,400.00001E-3,
,,,-206.39999E-6,400.00001E-3,
,,,-205.99998E-6,400.00001E-3,
,,,-205.59998E-6,400.00001E-3,
,,,-205.19999E-6,400.00001E-3,
,,,-204.79999E-6,400.00001E-3,
,,,-204.39998E-6,400.00001E-3,
,,,-203.99998E-6,400.00001E-3,
,,,-203.59998E-6,400.00001E-3,
,,,-203.19999E-6,400.00001E-3,
,,,-202.79999E-6,400.00001E-3,
,,,-202.39998E-6,400.00001E-3,
,,,-201.99998E-6,400.00001E-3,
,,,-201.59998E-6,400.00001E-3,
,,,-201.19999E-6,400.00001E-3,
,,,-200.79999E-6,400.00001E-3,
,,,-200.39998E-6,400.00001E-3,
,,,-199.99998E-6,400.00001E-3,
,,,-199.59998E-6,400.00001E-3,
,,,-199.19999E-6,400.00001E-3,
,,,-198.79999E-6,400.00001E-3,
,,,-198.39998E-6,400.00001E-3,
,,,-197.99998E-6,400.00001E-3,
,,,-197.59998E-6,400.00001E-3,
,,,-197.19999E-6,400.00001E-3,
,,,-196.79999E-6,400.00001E-3,
,,,-196.39998E-6,400.00001E-3,
,,,-195.99998E-6,600.000024E-3,
,,,-195.59999E-6,600.000024E-3,
,,,-195.19999E-6,600.000024E-3,
,,,-194.79998E-6,600.000024E-3,
,,,-194.39998E-6,600.000024E-3,
,,,-193.99998E-6,600.000024E-3,
,,,-193.59999E-6,600.000024E-3,
,,,-193.19999E-6,600.000024E-3,
,,,-192.79998E-6,600.000024E-3,
,,,-192.39998E-6,600.000024E-3,
,,,-191.99998E-6,600.000024E-3,
,,,-191.59999E-6,600.000024E-3,
,,,-191.19999E-6,600.000024E-3,
,,,-190.79998E-6,600.000024E-3,
,,,-190.39998E-6,600.000024E-3,
,,,-189.99998E-6,600.000024E-3,
,,,-189.59999E-6,600.000024E-3,
,,,-189.19999E-6,600.000024E-3,
,,,-188.79998E-6,600.000024E-3,
,,,-188.39998E-6,600.000024E-3,
,,,-187.99998E-6,600.000024E-3,
,,,-187.59999E-6,600.000024E-3,
,,,-187.19998E-6,600.000024E-3,
,,,-186.79998E-6,600.000024E-3,
,,,-186.39998E-6,600.000024E-3,
,,,-185.99999E-6,600.000024E-3,
,,,-185.59999E-6,600.000024E-3,
,,,-185.19998E-6,600.000024E-3,
,,,-184.79998E-6,600.000024E-3,
,,,-184.39998E-6,600.000024E-3,
,,,-183.99999E-6,600.000024E-3,
,,,-183.59999E-6,600.000024E-3,
,,,-183.19998E-6,600.000024E-3,
,,,-182.79998E-6,600.000024E-3,
,,,-182.39998E-6,600.000024E-3,
,,,-181.99999E-6,600.000024E-3,
,,,-181.59999E-6,600.000024E-3,
,,,-181.19998E-6,600.000024E-3,
,,,-180.79998E-6,600.000024E-3,
,,,-180.39998E-6,600.000024E-3,
,,,-179.99999E-6,600.000024E-3,
,,,-179.59999E-6,600.000024E-3,
,,,-179.19998E-6,800.000012E-3,
,,,-178.79998E-6,600.000024E-3,
,,,-178.39999E-6,600.000024E-3,
,,,-177.99999E-6,600.000024E-3,
,,,-177.59998E-6,800.000012E-3,
,,,-177.19998E-6,600.000024E-3,
,,,-176.79998E-6,800.000012E-3,
,,,-176.39999E-6,600.000024E-3,
,,,-175.99999E-6,800.000012E-3,
,,,-175.59998E-6,600.000024E-3,
,,,-175.19998E-6,800.000012E-3,
,,,-174.79998E-6,800.000012E-3,
,,,-174.39999E-6,600.000024E-3,
,,,-173.99999E-6,800.000012E-3,
,,,-173.59998E-6,800.000012E-3,
,,,-173.19998E-6,800.000012E-3,
,,,-172.79998E-6,800.000012E-3,
,,,-172.39999E-6,800.000012E-3,
,,,-171.99999E-6,800.000012E-3,
,,,-171.59998E-6,800.000012E-3,
,,,-171.19998E-6,800.000012E-3,
,,,-170.79998E-6,800.000012E-3,
,,,-170.39999E-6,800.000012E-3,
,,,-169.99998E-6,800.000012E-3,
,,,-169.59998E-6,800.000012E-3,
,,,-169.19998E-6,800.000012E-3,
,,,-168.79999E-6,800.000012E-3,
,,,-168.39999E-6,800.000012E-3,
,,,-167.99998E-6,800.000012E-3,
,,,-167.59998E-6,800.000012E-3,
,,,-167.19998E-6,800.000012E-3,
,,,-166.79999E-6,800.000012E-3,
,,,-166.39999E-6,800.000012E-3,
,,,-165.99998E-6,800.000012E-3,
,,,-165.59998E-6,800.000012E-3,
,,,-165.19998E-6,800.000012E-3,
,,,-164.79999E-6,800.000012E-3,
,,,-164.39999E-6,800.000012E-3,
,,,-163.99998E-6,800.000012E-3,
,,,-163.59998E-6,800.000012E-3,
,,,-163.19998E-6,800.000012E-3,
,,,-162.79999E-6,800.000012E-3,
,,,-162.39999E-6,800.000012E-3,
,,,-161.99998E-6,800.000012E-3,
,,,-161.59998E-6,800.000012E-3,
,,,-161.19998E-6,800.000012E-3,
,,,-160.79999E-6,800.000012E-3,
,,,-160.39998E-6,800.000012E-3,
,,,-159.99998E-6,800.000012E-3,
,,,-159.59998E-6,800.000012E-3,
,,,-159.19999E-6,800.000012E-3,
,,,-158.79999E-6,800.000012E-3,
,,,-158.39998E-6,800.000012E-3,
,,,-157.99998E-6,800.000012E-3,
,,,-157.59998E-6,800.000012E-3,
,,,-157.19999E-6,800.000012E-3,
,,,-156.79999E-6,800.000012E-3,
,,,-156.39998E-6,800.000012E-3,
,,,-155.99998E-6,800.000012E-3,
,,,-155.59998E-6,800.000012E-3,
,,,-155.19999E-6,800.000012E-3,
,,,-154.79999E-6,800.000012E-3,
,,,-154.39998E-6,800.000012E-3,
,,,-153.99998E-6,800.000012E-3,
,,,-153.59998E-6,1.000,
,,,-153.19999E-6,1.000,
,,,-152.79998E-6,800.000012E-3,
,,,-152.39998E-6,1.000,
,,,-151.99998E-6,1.000,
,,,-151.59999E-6,1.000,
,,,-151.19999E-6,1.000,
,,,-150.79998E-6,1.000,
,,,-150.39998E-6,1.000,
,,,-149.99998E-6,1.000,
,,,-149.59999E-6,1.000,
,,,-149.19999E-6,1.000,
,,,-148.79998E-6,1.000,
,,,-148.4000E-6,1.000,
,,,-148.0000E-6,1.000,
,,,-147.6000E-6,1.000,
,,,-147.2000E-6,1.000,
,,,-146.8000E-6,1.000,
,,,-146.4000E-6,1.000,
,,,-146.0000E-6,1.000,
,,,-145.6000E-6,1.000,
,,,-145.2000E-6,1.000,
,,,-144.8000E-6,1.000,
,,,-144.4000E-6,1.000,
,,,-144.0000E-6,1.000,
,,,-143.6000E-6,1.000,
,,,-143.2000E-6,1.000,
,,,-142.8000E-6,1.000,
,,,-142.4000E-6,1.000,
,,,-142.0000E-6,1.000,
,,,-141.6000E-6,1.000,
,,,-141.2000E-6,1.000,
,,,-140.8000E-6,1.000,
,,,-140.4000E-6,1.000,
,,,-140.0000E-6,1.000,
,,,-139.6000E-6,1.000,
,,,-139.2000E-6,1.000,
,,,-138.8000E-6,1.000,
,,,-138.4000E-6,1.000,
,,,-138.0000E-6,1.000,
,,,-137.6000E-6,1.000,
,,,-137.2000E-6,1.000,
,,,-136.8000E-6,1.000,
,,,-136.4000E-6,1.000,
,,,-136.0000E-6,1.000,
,,,-135.6000E-6,1.000,
,,,-135.2000E-6,1.000,
,,,-134.8000E-6,1.000,
,,,-134.4000E-6,1.000,
,,,-134.0000E-6,1.000,
,,,-133.6000E-6,1.000,
,,,-133.2000E-6,1.000,
,,,-132.8000E-6,1.000,
,,,-132.4000E-6,1.000,
,,,-132.0000E-6,1.000,
,,,-131.6000E-6,1.000,
,,,-131.2000E-6,1.000,
,,,-130.8000E-6,1.000,
,,,-130.4000E-6,1.000,
,,,-130.0000E-6,1.000,
,,,-129.6000E-6,1.000,
,,,-129.2000E-6,1.000,
,,,-128.8000E-6,1.000,
,,,-128.4000E-6,1.000,
,,,-128.0000E-6,1.2000,
,,,-127.6000E-6,1.000,
,,,-127.2000E-6,1.2000,
,,,-126.8000E-6,1.2000,
,,,-126.4000E-6,1.2000,
,,,-126.0000E-6,1.2000,
,,,-125.6000E-6,1.2000,
,,,-125.2000E-6,1.2000,
,,,-124.8000E-6,1.2000,
,,,-124.4000E-6,1.2000,
,,,-124.0000E-6,1.2000,
,,,-123.6000E-6,1.2000,
,,,-123.2000E-6,1.2000,
,,,-122.8000E-6,1.2000,
,,,-122.4000E-6,1.2000,
,,,-122.0000E-6,1.2000,
,,,-121.6000E-6,1.2000,
,,,-121.2000E-6,1.2000,
,,,-120.8000E-6,1.2000,
,,,-120.4000E-6,1.2000,
,,,-120.0000E-6,1.2000,
,,,-119.6000E-6,1.2000,
,,,-119.2000E-6,1.2000,
,,,-118.8000E-6,1.2000,
,,,-118.4000E-6,1.2000,
,,,-118.0000E-6,1.2000,
,,,-117.6000E-6,1.2000,
,,,-117.2000E-6,1.2000,
,,,-116.8000E-6,1.2000,
,,,-116.4000E-6,1.2000,
,,,-116.0000E-6,1.2000,
,,,-115.6000E-6,1.2000,
,,,-115.2000E-6,1.2000,
,,,-114.8000E-6,1.2000,
,,,-114.4000E-6,1.2000,
,,,-114.0000E-6,1.2000,
,,,-113.6000E-6,1.2000,
,,,-113.2000E-6,1.2000,
,,,-112.8000E-6,1.2000,
,,,-112.4000E-6,1.2000,
,,,-112.0000E-6,1.2000,
,,,-111.6000E-6,1.2000,
,,,-111.2000E-6,1.2000,
,,,-110.8000E-6,1.2000,
,,,-110.4000E-6,1.2000,
,,,-110.0000E-6,1.2000,
,,,-109.6000E-6,1.2000,
,,,-109.2000E-6,1.2000,
,,,-108.8000E-6,1.2000,
,,,-108.4000E-6,1.2000,
,,,-108.0000E-6,1.2000,
,,,-107.6000E-6,1.2000,
,,,-107.2000E-6,1.2000,
,,,-106.8000E-6,1.2000,
,,,-106.4000E-6,1.2000,
,,,-106.0000E-6,1.2000,
,,,-105.6000E-6,1.2000,
,,,-105.2000E-6,1.2000,
,,,-104.8000E-6,1.2000,
,,,-104.4000E-6,1.2000,
,,,-104.0000E-6,1.2000,
,,,-103.6000E-6,1.2000,
,,,-103.2000E-6,1.2000,
,,,-102.8000E-6,1.2000,
,,,-102.4000E-6,1.2000,
,,,-102.0000E-6,1.2000,
,,,-101.6000E-6,1.2000,
,,,-101.2000E-6,1.2000,
,,,-100.8000E-6,1.2000,
,,,-100.4000E-6,1.4000,
,,,-99.999983E-6,1.2000,
,,,-99.599980E-6,1.2000,
,,,-99.199984E-6,1.4000,
,,,-98.799981E-6,1.2000,
,,,-98.399985E-6,1.4000,
,,,-97.999982E-6,1.4000,
,,,-97.599979E-6,1.4000,
,,,-97.199983E-6,1.4000,
,,,-96.799980E-6,1.4000,
,,,-96.399985E-6,1.4000,
,,,-95.999982E-6,1.4000,
,,,-95.599986E-6,1.4000,
,,,-95.199983E-6,1.4000,
,,,-94.799980E-6,1.4000,
,,,-94.399984E-6,1.4000,
,,,-93.999981E-6,1.4000,
,,,-93.599985E-6,1.4000,
,,,-93.199982E-6,1.4000,
,,,-92.799979E-6,1.4000,
,,,-92.399983E-6,1.4000,
,,,-91.999980E-6,1.4000,
,,,-91.599984E-6,1.4000,
,,,-91.199981E-6,1.4000,
,,,-90.799986E-6,1.4000,
,,,-90.399983E-6,1.4000,
,,,-89.999980E-6,1.4000,
,,,-89.599984E-6,1.4000,
,,,-89.199981E-6,1.4000,
,,,-88.799985E-6,1.4000,
,,,-88.399982E-6,1.4000,
,,,-87.999979E-6,1.4000,
,,,-87.599983E-6,1.4000,
,,,-87.199980E-6,1.4000,
,,,-86.799984E-6,1.4000,
,,,-86.399981E-6,1.4000,
,,,-85.999985E-6,1.4000,
,,,-85.599982E-6,1.4000,
,,,-85.199979E-6,1.4000,
,,,-84.799984E-6,1.4000,
,,,-84.399981E-6,1.4000,
,,,-83.999985E-6,1.4000,
,,,-83.599982E-6,1.4000,
,,,-83.199979E-6,1.4000,
,,,-82.799983E-6,1.4000,
,,,-82.399980E-6,1.4000,
,,,-81.999984E-6,1.4000,
,,,-81.599981E-6,1.4000,
,,,-81.199985E-6,1.4000,
,,,-80.799982E-6,1.4000,
,,,-80.399979E-6,1.4000,
,,,-79.999983E-6,1.4000,
,,,-79.599980E-6,1.4000,
,,,-79.199985E-6,1.4000,
,,,-78.799982E-6,1.4000,
,,,-78.399986E-6,1.4000,
,,,-77.999983E-6,1.4000,
,,,-77.599980E-6,1.4000,
,,,-77.199984E-6,1.4000,
,,,-76.799981E-6,1.4000,
,,,-76.399985E-6,1.4000,
,,,-75.999982E-6,1.4000,
,,,-75.599979E-6,1.4000,
,,,-75.199983E-6,1.4000,
,,,-74.799980E-6,1.4000,
,,,-74.399984E-6,1.4000,
,,,-73.999981E-6,1.4000,
,,,-73.599986E-6,1.4000,
,,,-73.199983E-6,1.4000,
,,,-72.799980E-6,1.4000,
,,,-72.399984E-6,1.4000,
,,,-71.999981E-6,1.4000,
,,,-71.599985E-6,1.4000,
,,,-71.199982E-6,1.6000,
,,,-70.799979E-6,1.4000,
,,,-70.399983E-6,1.4000,
,,,-69.999980E-6,1.4000,
,,,-69.599984E-6,1.4000,
,,,-69.199981E-6,1.4000,
,,,-68.799985E-6,1.4000,
,,,-68.399982E-6,1.6000,
,,,-67.999979E-6,1.4000,
,,,-67.599984E-6,1.4000,
,,,-67.199981E-6,1.6000,
,,,-66.799985E-6,1.4000,
,,,-66.399982E-6,1.4000,
,,,-65.999979E-6,1.4000,
,,,-65.599983E-6,1.6000,
,,,-65.199980E-6,1.4000,
,,,-64.799984E-6,1.4000,
,,,-64.399981E-6,1.4000,
,,,-63.999985E-6,1.6000,
,,,-63.599982E-6,1.4000,
,,,-63.199979E-6,1.4000,
,,,-62.799983E-6,1.4000,
,,,-62.399980E-6,1.4000,
,,,-61.999985E-6,1.4000,
,,,-61.599982E-6,1.6000,
,,,-61.199979E-6,1.6000,
,,,-60.799983E-6,1.6000,
,,,-60.399983E-6,1.6000,
,,,-59.999980E-6,1.6000,
,,,-59.599981E-6,1.4000,
,,,-59.199981E-6,1.6000,
,,,-58.799982E-6,1.6000,
,,,-58.399983E-6,1.6000,
,,,-57.999983E-6,1.6000,
,,,-57.599980E-6,1.6000,
,,,-57.199981E-6,1.6000,
,,,-56.799981E-6,1.4000,
,,,-56.399982E-6,1.6000,
,,,-55.999983E-6,1.6000,
,,,-55.599983E-6,1.6000,
,,,-55.199984E-6,1.6000,
,,,-54.799981E-6,1.4000,
,,,-54.39998E-6,1.6000,
,,,-53.99998E-6,1.6000,
,,,-53.59998E-6,1.6000,
,,,-53.19998E-6,1.6000,
,,,-52.79998E-6,1.6000,
,,,-52.39998E-6,1.6000,
,,,-51.99998E-6,1.4000,
,,,-51.59998E-6,1.6000,
,,,-51.19998E-6,1.6000,
,,,-50.79998E-6,1.6000,
,,,-50.39998E-6,1.6000,
,,,-49.99998E-6,1.6000,
,,,-49.59998E-6,1.6000,
,,,-49.19998E-6,1.6000,
,,,-48.79998E-6,1.6000,
,,,-48.39998E-6,1.6000,
,,,-47.99998E-6,1.6000,
,,,-47.59998E-6,1.6000,
,,,-47.19998E-6,1.6000,
,,,-46.79998E-6,1.6000,
,,,-46.39998E-6,1.6000,
,,,-45.99998E-6,1.6000,
,,,-45.59998E-6,1.6000,
,,,-45.19998E-6,1.6000,
,,,-44.79998E-6,1.6000,
,,,-44.39998E-6,1.6000,
,,,-43.99998E-6,1.6000,
,,,-43.59998E-6,1.6000,
,,,-43.19998E-6,1.6000,
,,,-42.79998E-6,1.6000,
,,,-42.39998E-6,1.6000,
,,,-41.99998E-6,1.6000,
,,,-41.59998E-6,1.6000,
,,,-41.19998E-6,1.6000,
,,,-40.79998E-6,1.6000,
,,,-40.39998E-6,1.6000,
,,,-39.99998E-6,1.6000,
,,,-39.59998E-6,1.6000,
,,,-39.19998E-6,1.6000,
,,,-38.79998E-6,1.6000,
,,,-38.39998E-6,1.6000,
,,,-37.99998E-6,1.6000,
,,,-37.59998E-6,1.6000,
,,,-37.19998E-6,1.6000,
,,,-36.79998E-6,1.6000,
,,,-36.39998E-6,1.6000,
,,,-35.99998E-6,1.6000,
,,,-35.59998E-6,1.6000,
,,,-35.19998E-6,1.6000,
,,,-34.79998E-6,1.6000,
,,,-34.39998E-6,1.6000,
,,,-33.99998E-6,1.6000,
,,,-33.59998E-6,1.6000,
,,,-33.19998E-6,1.6000,
,,,-32.79998E-6,1.6000,
,,,-32.39998E-6,1.6000,
,,,-31.99998E-6,1.6000,
,,,-31.59998E-6,1.6000,
,,,-31.19998E-6,1.6000,
,,,-30.79998E-6,1.6000,
,,,-30.39998E-6,1.6000,
,,,-29.99998E-6,1.6000,
,,,-29.59998E-6,1.6000,
,,,-29.19998E-6,1.6000,
,,,-28.79998E-6,1.6000,
,,,-28.39998E-6,1.6000,
,,,-27.99998E-6,1.6000,
,,,-27.59998E-6,1.6000,
,,,-27.19998E-6,1.6000,
,,,-26.79998E-6,1.6000,
,,,-26.39998E-6,1.6000,
,,,-25.99998E-6,1.6000,
,,,-25.59998E-6,1.6000,
,,,-25.19998E-6,1.6000,
,,,-24.79998E-6,1.6000,
,,,-24.39998E-6,1.6000,
,,,-23.99998E-6,1.6000,
,,,-23.59998E-6,1.6000,
,,,-23.19998E-6,1.6000,
,,,-22.79998E-6,1.6000,
,,,-22.39998E-6,1.6000,
,,,-21.99998E-6,1.6000,
,,,-21.59998E-6,1.6000,
,,,-21.19998E-6,1.6000,
,,,-20.79998E-6,1.6000,
,,,-20.39998E-6,1.6000,
,,,-20.0000E-6,1.6000,
,,,-19.6000E-6,1.6000,
,,,-19.2000E-6,1.6000,
,,,-18.8000E-6,1.6000,
,,,-18.4000E-6,1.6000,
,,,-18.0000E-6,1.6000,
,,,-17.6000E-6,1.6000,
,,,-17.2000E-6,1.6000,
,,,-16.8000E-6,1.6000,
,,,-16.4000E-6,1.6000,
,,,-16.0000E-6,1.6000,
,,,-15.6000E-6,1.6000,
,,,-15.2000E-6,1.6000,
,,,-14.8000E-6,1.6000,
,,,-14.4000E-6,1.6000,
,,,-14.0000E-6,1.6000,
,,,-13.6000E-6,1.6000,
,,,-13.2000E-6,1.6000,
,,,-12.8000E-6,1.6000,
,,,-12.4000E-6,1.6000,
,,,-12.0000E-6,1.6000,
,,,-11.6000E-6,1.6000,
,,,-11.2000E-6,1.6000,
,,,-10.8000E-6,1.6000,
,,,-10.4000E-6,1.6000,
,,,-9.999982E-6,1.6000,
,,,-9.599981E-6,1.6000,
,,,-9.199982E-6,1.6000,
,,,-8.799982E-6,1.6000,
,,,-8.399981E-6,1.6000,
,,,-7.999982E-6,1.6000,
,,,-7.599981E-6,1.6000,
,,,-7.19998E-6,1.6000,
,,,-6.79998E-6,1.6000,
,,,-6.39998E-6,1.6000,
,,,-5.99998E-6,1.6000,
,,,-5.59998E-6,1.6000,
,,,-5.19998E-6,1.6000,
,,,-4.79998E-6,1.6000,
,,,-4.39998E-6,1.6000,
,,,-3.99998E-6,1.6000,
,,,-3.59998E-6,1.6000,
,,,-3.19998E-6,1.6000,
,,,-2.79998E-6,1.6000,
,,,-2.4000E-6,1.6000,
,,,-2.0000E-6,1.6000,
,,,-1.6000E-6,1.6000,
,,,-1.2000E-6,1.6000,
,,,-799.981308E-9,1.6000,
,,,-399.98130E-9,1.6000,
,,,18.7015E-12,1.6000,
,,,400.01871E-9,1.6000,
,,,800.018711E-9,1.6000,
,,,1.2000E-6,1.6000,
,,,1.6000E-6,1.6000,
,,,2.0000E-6,1.6000,
,,,2.4000E-6,1.6000,
,,,2.80002E-6,1.6000,
,,,3.20002E-6,1.6000,
,,,3.60002E-6,1.6000,
,,,4.00002E-6,1.6000,
,,,4.40002E-6,1.6000,
,,,4.80002E-6,1.6000,
,,,5.20002E-6,1.6000,
,,,5.60002E-6,1.6000,
,,,6.00002E-6,1.6000,
,,,6.40002E-6,1.6000,
,,,6.80002E-6,1.6000,
,,,7.20002E-6,1.6000,
,,,7.600019E-6,1.6000,
,,,8.000019E-6,1.6000,
,,,8.400018E-6,1.6000,
,,,8.800019E-6,1.6000,
,,,9.200019E-6,1.6000,
,,,9.600019E-6,1.6000,
,,,10.0000E-6,1.6000,
,,,10.4000E-6,1.6000,
,,,10.8000E-6,1.6000,
,,,11.2000E-6,1.6000,
,,,11.6000E-6,1.6000,
,,,12.0000E-6,1.6000,
,,,12.4000E-6,1.6000,
,,,12.8000E-6,1.6000,
,,,13.2000E-6,1.6000,
,,,13.6000E-6,1.6000,
,,,14.0000E-6,1.6000,
,,,14.4000E-6,1.6000,
,,,14.8000E-6,1.6000,
,,,15.2000E-6,1.6000,
,,,15.6000E-6,1.6000,
,,,16.0000E-6,1.6000,
,,,16.4000E-6,1.6000,
,,,16.8000E-6,1.6000,
,,,17.2000E-6,1.6000,
,,,17.6000E-6,1.6000,
,,,18.0000E-6,1.6000,
,,,18.4000E-6,1.6000,
,,,18.8000E-6,1.6000,
,,,19.2000E-6,1.6000,
,,,19.6000E-6,1.6000,
,,,20.0000E-6,1.6000,
,,,20.40002E-6,1.6000,
,,,20.80002E-6,1.6000,
,,,21.20002E-6,1.6000,
,,,21.60002E-6,1.6000,
,,,22.00002E-6,1.6000,
,,,22.40002E-6,1.6000,
,,,22.80002E-6,1.6000,
,,,23.20002E-6,1.6000,
,,,23.60002E-6,1.6000,
,,,24.00002E-6,1.6000,
,,,24.40002E-6,1.6000,
,,,24.80002E-6,1.6000,
,,,25.20002E-6,1.6000,
,,,25.60002E-6,1.6000,
,,,26.00002E-6,1.6000,
,,,26.40002E-6,1.6000,
,,,26.80002E-6,1.6000,
,,,27.20002E-6,1.6000,
,,,27.60002E-6,1.6000,
,,,28.00002E-6,1.6000,
,,,28.40002E-6,1.6000,
,,,28.80002E-6,1.6000,
,,,29.20002E-6,1.6000,
,,,29.60002E-6,1.6000,
,,,30.00002E-6,1.6000,
,,,30.40002E-6,1.6000,
,,,30.80002E-6,1.6000,
,,,31.20002E-6,1.6000,
,,,31.60002E-6,1.6000,
,,,32.00002E-6,1.6000,
,,,32.40002E-6,1.6000,
,,,32.80002E-6,1.6000,
,,,33.20002E-6,1.6000,
,,,33.60002E-6,1.6000,
,,,34.00002E-6,1.6000,
,,,34.40002E-6,1.6000,
,,,34.80002E-6,1.6000,
,,,35.20002E-6,1.6000,
,,,35.60002E-6,1.6000,
,,,36.00002E-6,1.6000,
,,,36.40002E-6,1.6000,
,,,36.80002E-6,1.6000,
,,,37.20002E-6,1.6000,
,,,37.60002E-6,1.6000,
,,,38.00002E-6,1.6000,
,,,38.40002E-6,1.6000,
,,,38.80002E-6,1.6000,
,,,39.20002E-6,1.6000,
,,,39.60002E-6,1.6000,
,,,40.00002E-6,1.6000,
,,,40.40002E-6,1.6000,
,,,40.80002E-6,1.6000,
,,,41.20002E-6,1.6000,
,,,41.60002E-6,1.6000,
,,,42.00002E-6,1.6000,
,,,42.40002E-6,1.6000,
,,,42.80002E-6,1.6000,
,,,43.20002E-6,1.6000,
,,,43.60002E-6,1.6000,
,,,44.00002E-6,1.6000,
,,,44.40002E-6,1.6000,
,,,44.80002E-6,1.6000,
,,,45.20002E-6,1.6000,
,,,45.60002E-6,1.6000,
,,,46.00002E-6,1.6000,
,,,46.40002E-6,1.6000,
,,,46.80002E-6,1.6000,
,,,47.20002E-6,1.6000,
,,,47.60002E-6,1.6000,
,,,48.00002E-6,1.6000,
,,,48.40002E-6,1.6000,
,,,48.80002E-6,1.6000,
,,,49.20002E-6,1.6000,
,,,49.60002E-6,1.6000,
,,,50.00002E-6,1.6000,
,,,50.40002E-6,1.6000,
,,,50.80002E-6,1.6000,
,,,51.20002E-6,1.6000,
,,,51.60002E-6,1.6000,
,,,52.00002E-6,1.6000,
,,,52.40002E-6,1.6000,
,,,52.80002E-6,1.6000,
,,,53.20002E-6,1.6000,
,,,53.60002E-6,1.6000,
,,,54.00002E-6,1.6000,
,,,54.40002E-6,1.6000,
,,,54.800021E-6,1.6000,
,,,55.200020E-6,1.6000,
,,,55.600020E-6,1.4000,
,,,56.000019E-6,1.6000,
,,,56.400018E-6,1.4000,
,,,56.800018E-6,1.4000,
,,,57.200021E-6,1.4000,
,,,57.600020E-6,1.6000,
,,,58.000020E-6,1.6000,
,,,58.400019E-6,1.4000,
,,,58.800018E-6,1.6000,
,,,59.200018E-6,1.4000,
,,,59.600021E-6,1.4000,
,,,60.000020E-6,1.6000,
,,,60.400020E-6,1.4000,
,,,60.800019E-6,1.6000,
,,,61.200022E-6,1.4000,
,,,61.600018E-6,1.4000,
,,,62.000021E-6,1.4000,
,,,62.400017E-6,1.6000,
,,,62.800020E-6,1.4000,
,,,63.200023E-6,1.4000,
,,,63.600019E-6,1.6000,
,,,64.000022E-6,1.4000,
,,,64.400017E-6,1.4000,
,,,64.800020E-6,1.6000,
,,,65.200016E-6,1.4000,
,,,65.600019E-6,1.4000,
,,,66.000022E-6,1.6000,
,,,66.400018E-6,1.6000,
,,,66.800021E-6,1.6000,
,,,67.200017E-6,1.4000,
,,,67.600020E-6,1.4000,
,,,68.000023E-6,1.4000,
,,,68.400019E-6,1.4000,
,,,68.800022E-6,1.4000,
,,,69.200018E-6,1.4000,
,,,69.600021E-6,1.4000,
,,,70.000016E-6,1.4000,
,,,70.400019E-6,1.4000,
,,,70.800023E-6,1.4000,
,,,71.200018E-6,1.4000,
,,,71.600021E-6,1.4000,
,,,72.000017E-6,1.4000,
,,,72.400020E-6,1.4000,
,,,72.800016E-6,1.4000,
,,,73.200019E-6,1.4000,
,,,73.600022E-6,1.4000,
,,,74.000018E-6,1.4000,
,,,74.400021E-6,1.4000,
,,,74.800017E-6,1.4000,
,,,75.200020E-6,1.4000,
,,,75.600023E-6,1.4000,
,,,76.000018E-6,1.4000,
,,,76.400021E-6,1.4000,
,,,76.800017E-6,1.4000,
,,,77.200020E-6,1.4000,
,,,77.600016E-6,1.4000,
,,,78.000019E-6,1.4000,
,,,78.400022E-6,1.4000,
,,,78.800018E-6,1.4000,
,,,79.200021E-6,1.4000,
,,,79.600017E-6,1.4000,
,,,80.000020E-6,1.4000,
,,,80.400023E-6,1.4000,
,,,80.800019E-6,1.4000,
,,,81.200022E-6,1.4000,
,,,81.600017E-6,1.4000,
,,,82.000020E-6,1.4000,
,,,82.400016E-6,1.4000,
,,,82.800019E-6,1.4000,
,,,83.200022E-6,1.4000,
,,,83.600018E-6,1.4000,
,,,84.000021E-6,1.4000,
,,,84.400017E-6,1.4000,
,,,84.800020E-6,1.4000,
,,,85.200023E-6,1.4000,
,,,85.600019E-6,1.4000,
,,,86.000022E-6,1.4000,
,,,86.400018E-6,1.4000,
,,,86.800021E-6,1.4000,
,,,87.200016E-6,1.4000,
,,,87.600019E-6,1.4000,
,,,88.000023E-6,1.4000,
,,,88.400018E-6,1.4000,
,,,88.800021E-6,1.4000,
,,,89.200017E-6,1.4000,
,,,89.600020E-6,1.4000,
,,,90.000023E-6,1.4000,
,,,90.400019E-6,1.4000,
,,,90.800022E-6,1.4000,
,,,91.200018E-6,1.4000,
,,,91.600021E-6,1.4000,
,,,92.000017E-6,1.4000,
,,,92.400020E-6,1.4000,
,,,92.800023E-6,1.4000,
,,,93.200018E-6,1.2000,
,,,93.600022E-6,1.4000,
,,,94.000017E-6,1.4000,
,,,94.400020E-6,1.4000,
,,,94.800023E-6,1.4000,
,,,95.200019E-6,1.2000,
,,,95.600022E-6,1.4000,
,,,96.000018E-6,1.4000,
,,,96.400021E-6,1.4000,
,,,96.800017E-6,1.4000,
,,,97.200020E-6,1.4000,
,,,97.600023E-6,1.4000,
,,,98.000019E-6,1.4000,
,,,98.400022E-6,1.4000,
,,,98.800017E-6,1.2000,
,,,99.200020E-6,1.4000,
,,,99.600016E-6,1.4000,
,,,100.0000E-6,1.4000,
,,,100.4000E-6,1.4000,
,,,100.8000E-6,1.4000,
,,,101.2000E-6,1.4000,
,,,101.6000E-6,1.4000,
,,,102.0000E-6,1.2000,
,,,102.4000E-6,1.2000,
,,,102.8000E-6,1.2000,
,,,103.2000E-6,1.2000,
,,,103.6000E-6,1.2000,
,,,104.0000E-6,1.2000,
,,,104.4000E-6,1.2000,
,,,104.8000E-6,1.2000,
,,,105.2000E-6,1.2000,
,,,105.6000E-6,1.2000,
,,,106.0000E-6,1.4000,
,,,106.4000E-6,1.2000,
,,,106.8000E-6,1.2000,
,,,107.2000E-6,1.2000,
,,,107.6000E-6,1.2000,
,,,108.0000E-6,1.2000,
,,,108.4000E-6,1.2000,
,,,108.8000E-6,1.2000,
,,,109.2000E-6,1.2000,
,,,109.6000E-6,1.2000,
,,,110.0000E-6,1.2000,
,,,110.4000E-6,1.2000,
,,,110.8000E-6,1.2000,
,,,111.2000E-6,1.2000,
,,,111.6000E-6,1.2000,
,,,112.0000E-6,1.2000,
,,,112.4000E-6,1.2000,
,,,112.8000E-6,1.2000,
,,,113.2000E-6,1.2000,
,,,113.6000E-6,1.2000,
,,,114.0000E-6,1.2000,
,,,114.4000E-6,1.2000,
,,,114.8000E-6,1.2000,
,,,115.2000E-6,1.2000,
,,,115.6000E-6,1.2000,
,,,116.0000E-6,1.2000,
,,,116.4000E-6,1.2000,
,,,116.8000E-6,1.2000,
,,,117.2000E-6,1.2000,
,,,117.6000E-6,1.2000,
,,,118.0000E-6,1.2000,
,,,118.4000E-6,1.2000,
,,,118.8000E-6,1.2000,
,,,119.2000E-6,1.2000,
,,,119.6000E-6,1.2000,
,,,120.0000E-6,1.2000,
,,,120.4000E-6,1.2000,
,,,120.8000E-6,1.2000,
,,,121.2000E-6,1.2000,
,,,121.6000E-6,1.2000,
,,,122.0000E-6,1.2000,
,,,122.4000E-6,1.2000,
,,,122.8000E-6,1.2000,
,,,123.2000E-6,1.2000,
,,,123.6000E-6,1.2000,
,,,124.0000E-6,1.2000,
,,,124.4000E-6,1.2000,
,,,124.8000E-6,1.2000,
,,,125.2000E-6,1.2000,
,,,125.6000E-6,1.2000,
,,,126.0000E-6,1.2000,
,,,126.4000E-6,1.000,
,,,126.8000E-6,1.000,
,,,127.2000E-6,1.2000,
,,,127.6000E-6,1.2000,
,,,128.0000E-6,1.2000,
,,,128.4000E-6,1.000,
,,,128.8000E-6,1.000,
,,,129.2000E-6,1.000,
,,,129.6000E-6,1.2000,
,,,130.0000E-6,1.2000,
,,,130.4000E-6,1.2000,
,,,130.8000E-6,1.000,
,,,131.2000E-6,1.000,
,,,131.6000E-6,1.000,
,,,132.0000E-6,1.000,
,,,132.4000E-6,1.000,
,,,132.8000E-6,1.000,
,,,133.2000E-6,1.000,
,,,133.6000E-6,1.2000,
,,,134.0000E-6,1.000,
,,,134.4000E-6,1.000,
,,,134.8000E-6,1.000,
,,,135.2000E-6,1.000,
,,,135.6000E-6,1.000,
,,,136.0000E-6,1.000,
,,,136.4000E-6,1.000,
,,,136.8000E-6,1.000,
,,,137.2000E-6,1.000,
,,,137.6000E-6,1.000,
,,,138.0000E-6,1.000,
,,,138.4000E-6,1.000,
,,,138.8000E-6,1.000,
,,,139.2000E-6,1.000,
,,,139.6000E-6,1.000,
,,,140.0000E-6,1.000,
,,,140.4000E-6,1.000,
,,,140.8000E-6,1.000,
,,,141.2000E-6,1.000,
,,,141.6000E-6,1.000,
,,,142.0000E-6,1.000,
,,,142.4000E-6,1.000,
,,,142.8000E-6,1.000,
,,,143.2000E-6,1.000,
,,,143.6000E-6,1.000,
,,,144.0000E-6,1.000,
,,,144.4000E-6,1.000,
,,,144.8000E-6,1.000,
,,,145.2000E-6,1.000,
,,,145.6000E-6,1.000,
,,,146.0000E-6,1.000,
,,,146.4000E-6,1.000,
,,,146.8000E-6,1.000,
,,,147.2000E-6,1.000,
,,,147.6000E-6,1.000,
,,,148.0000E-6,800.000012E-3,
,,,148.4000E-6,1.000,
,,,148.80003E-6,1.000,
,,,149.20002E-6,1.000,
,,,149.60002E-6,1.000,
,,,150.00002E-6,1.000,
,,,150.40002E-6,1.000,
,,,150.80001E-6,800.000012E-3,
,,,151.20002E-6,1.000,
,,,151.60002E-6,800.000012E-3,
,,,152.00002E-6,1.000,
,,,152.40003E-6,1.000,
,,,152.80001E-6,1.000,
,,,153.20002E-6,1.000,
,,,153.60002E-6,800.000012E-3,
,,,154.00002E-6,800.000012E-3,
,,,154.40003E-6,800.000012E-3,
,,,154.80001E-6,800.000012E-3,
,,,155.20002E-6,800.000012E-3,
,,,155.60002E-6,800.000012E-3,
,,,156.00002E-6,800.000012E-3,
,,,156.40003E-6,800.000012E-3,
,,,156.80002E-6,800.000012E-3,
,,,157.20002E-6,800.000012E-3,
,,,157.60002E-6,800.000012E-3,
,,,158.00002E-6,800.000012E-3,
,,,158.40003E-6,800.000012E-3,
,,,158.80002E-6,800.000012E-3,
,,,159.20002E-6,800.000012E-3,
,,,159.60002E-6,800.000012E-3,
,,,160.00003E-6,800.000012E-3,
,,,160.40001E-6,800.000012E-3,
,,,160.80002E-6,800.000012E-3,
,,,161.20002E-6,800.000012E-3,
,,,161.60002E-6,800.000012E-3,
,,,162.00003E-6,800.000012E-3,
,,,162.40001E-6,800.000012E-3,
,,,162.80002E-6,800.000012E-3,
,,,163.20002E-6,800.000012E-3,
,,,163.60002E-6,800.000012E-3,
,,,164.00003E-6,800.000012E-3,
,,,164.40001E-6,800.000012E-3,
,,,164.80002E-6,800.000012E-3,
,,,165.20002E-6,800.000012E-3,
,,,165.60002E-6,800.000012E-3,
,,,166.00003E-6,800.000012E-3,
,,,166.40002E-6,800.000012E-3,
,,,166.80002E-6,800.000012E-3,
,,,167.20002E-6,800.000012E-3,
,,,167.60002E-6,800.000012E-3,
,,,168.00003E-6,800.000012E-3,
,,,168.40002E-6,800.000012E-3,
,,,168.80002E-6,800.000012E-3,
,,,169.20002E-6,800.000012E-3,
,,,169.60003E-6,800.000012E-3,
,,,170.00001E-6,800.000012E-3,
,,,170.40002E-6,800.000012E-3,
,,,170.80002E-6,800.000012E-3,
,,,171.20002E-6,800.000012E-3,
,,,171.60003E-6,800.000012E-3,
,,,172.00001E-6,800.000012E-3,
,,,172.40002E-6,800.000012E-3,
,,,172.80002E-6,800.000012E-3,
,,,173.20002E-6,800.000012E-3,
,,,173.60003E-6,600.000024E-3,
,,,174.00002E-6,800.000012E-3,
,,,174.40002E-6,600.000024E-3,
,,,174.80002E-6,800.000012E-3,
,,,175.20002E-6,800.000012E-3,
,,,175.60003E-6,600.000024E-3,
,,,176.00002E-6,600.000024E-3,
,,,176.40002E-6,600.000024E-3,
,,,176.80002E-6,600.000024E-3,
,,,177.20003E-6,600.000024E-3,
,,,177.60001E-6,600.000024E-3,
,,,178.00002E-6,600.000024E-3,
,,,178.40002E-6,600.000024E-3,
,,,178.80002E-6,600.000024E-3,
,,,179.20003E-6,600.000024E-3,
,,,179.60001E-6,600.000024E-3,
,,,180.00002E-6,600.000024E-3,
,,,180.40002E-6,600.000024E-3,
,,,180.80002E-6,600.000024E-3,
,,,181.20003E-6,600.000024E-3,
,,,181.60001E-6,600.000024E-3,
,,,182.00002E-6,600.000024E-3,
,,,182.40002E-6,600.000024E-3,
,,,182.80002E-6,600.000024E-3,
,,,183.20003E-6,600.000024E-3,
,,,183.60002E-6,600.000024E-3,
,,,184.00002E-6,600.000024E-3,
,,,184.40002E-6,600.000024E-3,
,,,184.80002E-6,600.000024E-3,
,,,185.20003E-6,600.000024E-3,
,,,185.60002E-6,600.000024E-3,
,,,186.00002E-6,600.000024E-3,
,,,186.40002E-6,600.000024E-3,
,,,186.80003E-6,600.000024E-3,
,,,187.20001E-6,600.000024E-3,
,,,187.60002E-6,600.000024E-3,
,,,188.00002E-6,600.000024E-3,
,,,188.40002E-6,600.000024E-3,
,,,188.80003E-6,600.000024E-3,
,,,189.20001E-6,600.000024E-3,
,,,189.60002E-6,600.000024E-3,
,,,190.00002E-6,600.000024E-3,
,,,190.40002E-6,600.000024E-3,
,,,190.80003E-6,600.000024E-3,
,,,191.20002E-6,600.000024E-3,
,,,191.60002E-6,600.000024E-3,
,,,192.00002E-6,600.000024E-3,
,,,192.40002E-6,600.000024E-3,
,,,192.80003E-6,600.000024E-3,
,,,193.20002E-6,600.000024E-3,
,,,193.60002E-6,600.000024E-3,
,,,194.00002E-6,400.00001E-3,
,,,194.40003E-6,600.000024E-3,
,,,194.80003E-6,600.000024E-3,
,,,195.20002E-6,600.000024E-3,
,,,195.60002E-6,400.00001E-3,
,,,196.00002E-6,400.00001E-3,
,,,196.40003E-6,400.00001E-3,
,,,196.80001E-6,400.00001E-3,
,,,197.20002E-6,600.000024E-3,
,,,197.60002E-6,400.00001E-3,
,,,198.00002E-6,600.000024E-3,
,,,198.40003E-6,400.00001E-3,
,,,198.80001E-6,400.00001E-3,
,,,199.20002E-6,400.00001E-3,
,,,199.60002E-6,400.00001E-3,
,,,200.00002E-6,400.00001E-3,
,,,200.40003E-6,400.00001E-3,
,,,200.80002E-6,400.00001E-3,
,,,201.20002E-6,400.00001E-3,
,,,201.60002E-6,400.00001E-3,
,,,202.00002E-6,400.00001E-3,
,,,202.40003E-6,400.00001E-3,
,,,202.80002E-6,400.00001E-3,
,,,203.20002E-6,400.00001E-3,
,,,203.60002E-6,400.00001E-3,
,,,204.00003E-6,400.00001E-3,
,,,204.40001E-6,400.00001E-3,
,,,204.80002E-6,400.00001E-3,
,,,205.20002E-6,400.00001E-3,
,,,205.60002E-6,400.00001E-3,
,,,206.00003E-6,400.00001E-3,
,,,206.40001E-6,400.00001E-3,
,,,206.80002E-6,400.00001E-3,
,,,207.20002E-6,400.00001E-3,
,,,207.60002E-6,400.00001E-3,
,,,208.00003E-6,400.00001E-3,
,,,208.40002E-6,400.00001E-3,
,,,208.80002E-6,400.00001E-3,
,,,209.20002E-6,400.00001E-3,
,,,209.60002E-6,400.00001E-3,
,,,210.00003E-6,400.00001E-3,
,,,210.40002E-6,400.00001E-3,
,,,210.80002E-6,400.00001E-3,
,,,211.20002E-6,400.00001E-3,
,,,211.60003E-6,400.00001E-3,
,,,212.00003E-6,400.00001E-3,
,,,212.40002E-6,400.00001E-3,
,,,212.80002E-6,400.00001E-3,
,,,213.20002E-6,400.00001E-3,
,,,213.60003E-6,400.00001E-3,
,,,214.00001E-6,200.00000E-3,
,,,214.40002E-6,400.00001E-3,
,,,214.80002E-6,400.00001E-3,
,,,215.20002E-6,200.00000E-3,
,,,215.60003E-6,200.00000E-3,
,,,216.00001E-6,400.00001E-3,
,,,216.40002E-6,200.00000E-3,
,,,216.80002E-6,400.00001E-3,
,,,217.20002E-6,200.00000E-3,
,,,217.60003E-6,200.00000E-3,
,,,218.00002E-6,200.00000E-3,
,,,218.40002E-6,200.00000E-3,
,,,218.80002E-6,200.00000E-3,
,,,219.20002E-6,200.00000E-3,
,,,219.60003E-6,200.00000E-3,
,,,220.00002E-6,200.00000E-3,
,,,220.40002E-6,200.00000E-3,
,,,220.80002E-6,200.00000E-3,
,,,221.20003E-6,200.00000E-3,
,,,221.60003E-6,200.00000E-3,
,,,222.00002E-6,200.00000E-3,
,,,222.40002E-6,200.00000E-3,
,,,222.80002E-6,200.00000E-3,
,,,223.20003E-6,200.00000E-3,
,,,223.60001E-6,200.00000E-3,
,,,224.00002E-6,200.00000E-3,
,,,224.40002E-6,200.00000E-3,
,,,224.80002E-6,200.00000E-3,
,,,225.20003E-6,200.00000E-3,
,,,225.60002E-6,200.00000E-3,
,,,226.00002E-6,200.00000E-3,
,,,226.40002E-6,200.00000E-3,
,,,226.80002E-6,200.00000E-3,
,,,227.20003E-6,200.00000E-3,
,,,227.60002E-6,200.00000E-3,
,,,228.00002E-6,200.00000E-3,
,,,228.40002E-6,200.00000E-3,
,,,228.80003E-6,200.00000E-3,
,,,229.20003E-6,200.00000E-3,
,,,229.60002E-6,200.00000E-3,
,,,230.00002E-6,200.00000E-3,
,,,230.40002E-6,200.00000E-3,
,,,230.80003E-6,200.00000E-3,
,,,231.20001E-6,200.00000E-3,
,,,231.60002E-6,200.00000E-3,
,,,232.00002E-6,200.00000E-3,
,,,232.40002E-6,200.00000E-3,
,,,232.80003E-6,200.00000E-3,
,,,233.20001E-6,200.00000E-3,
,,,233.60002E-6,200.00000E-3,
,,,234.00002E-6,200.00000E-3,
,,,234.40002E-6,200.00000E-3,
,,,234.80003E-6,200.00000E-3,
,,,235.20002E-6,0.0,
,,,235.60002E-6,0.0,
,,,236.00002E-6,0.0,
,,,236.40002E-6,200.00000E-3,
,,,236.80003E-6,0.0,
,,,237.20002E-6,0.0,
,,,237.60002E-6,200.00000E-3,
,,,238.00002E-6,0.0,
,,,238.40003E-6,0.0,
,,,238.80003E-6,0.0,
,,,239.20002E-6,0.0,
,,,239.60002E-6,0.0,
,,,240.00002E-6,0.0,
,,,240.40003E-6,0.0,
,,,240.80001E-6,0.0,
,,,241.20002E-6,0.0,
,,,241.60002E-6,0.0,
,,,242.00002E-6,0.0,
,,,242.40003E-6,0.0,
,,,242.80002E-6,0.0,
,,,243.20002E-6,0.0,
,,,243.60002E-6,0.0,
,,,244.00002E-6,0.0,
,,,244.40003E-6,0.0,
,,,244.80003E-6,0.0,
,,,245.20003E-6,0.0,
,,,245.60001E-6,0.0,
,,,246.00001E-6,0.0,
,,,246.40001E-6,0.0,
,,,246.80002E-6,0.0,
,,,247.20002E-6,0.0,
,,,247.60002E-6,0.0,
,,,248.00003E-6,0.0,
,,,248.40003E-6,0.0,
,,,248.80003E-6,0.0,
,,,249.20003E-6,0.0,
,,,249.60001E-6,0.0,
,,,250.00001E-6,0.0,
,,,250.40001E-6,0.0,
,,,250.80002E-6,0.0,
,,,251.20002E-6,0.0,
,,,251.60002E-6,0.0,
,,,252.00003E-6,0.0,
,,,252.40003E-6,0.0,
,,,252.80003E-6,0.0,
,,,253.20001E-6,0.0,
,,,253.60001E-6,-200.00000E-3,
,,,254.00001E-6,0.0,
,,,254.40002E-6,-200.00000E-3,
,,,254.80002E-6,-200.00000E-3,
,,,255.20002E-6,0.0,
,,,255.60003E-6,-200.00000E-3,
,,,256.00003E-6,0.0,
,,,256.40003E-6,0.0,
,,,256.80003E-6,-200.00000E-3,
,,,257.20001E-6,-200.00000E-3,
,,,257.60001E-6,-200.00000E-3,
,,,258.00001E-6,-200.00000E-3,
,,,258.40002E-6,-200.00000E-3,
,,,258.80002E-6,-200.00000E-3,
,,,259.20002E-6,-200.00000E-3,
,,,259.60003E-6,-200.00000E-3,
,,,260.00003E-6,-200.00000E-3,
,,,260.40003E-6,-200.00000E-3,
,,,260.80004E-6,-200.00000E-3,
,,,261.20001E-6,-200.00000E-3,
,,,261.60001E-6,-200.00000E-3,
,,,262.00002E-6,-200.00000E-3,
,,,262.40002E-6,-200.00000E-3,
,,,262.80002E-6,-200.00000E-3,
,,,263.20003E-6,-200.00000E-3,
,,,263.60003E-6,-200.00000E-3,
,,,264.00003E-6,-200.00000E-3,
,,,264.40003E-6,-200.00000E-3,
,,,264.80001E-6,-200.00000E-3,
,,,265.20001E-6,-200.00000E-3,
,,,265.60001E-6,-200.00000E-3,
,,,266.00002E-6,-200.00000E-3,
,,,266.40002E-6,-200.00000E-3,
,,,266.80002E-6,-200.00000E-3,
,,,267.20003E-6,-200.00000E-3,
,,,267.60003E-6,-200.00000E-3,
,,,268.00003E-6,-200.00000E-3,
,,,268.40004E-6,-200.00000E-3,
,,,268.80001E-6,-200.00000E-3,
,,,269.20001E-6,-200.00000E-3,
,,,269.60002E-6,-200.00000E-3,
,,,270.00002E-6,-200.00000E-3,
,,,270.40002E-6,-200.00000E-3,
,,,270.80002E-6,-200.00000E-3,
,,,271.20003E-6,-200.00000E-3,
,,,271.60003E-6,-200.00000E-3,
,,,272.00003E-6,-200.00000E-3,
,,,272.40001E-6,-400.00001E-3,
,,,272.80001E-6,-400.00001E-3,
,,,273.20001E-6,-200.00000E-3,
,,,273.60002E-6,-200.00000E-3,
,,,274.00002E-6,-400.00001E-3,
,,,274.40002E-6,-200.00000E-3,
,,,274.80003E-6,-400.00001E-3,
,,,275.20003E-6,-200.00000E-3,
,,,275.60003E-6,-400.00001E-3,
,,,276.00004E-6,-400.00001E-3,
,,,276.40001E-6,-400.00001E-3,
,,,276.80001E-6,-400.00001E-3,
,,,277.20002E-6,-400.00001E-3,
,,,277.60002E-6,-400.00001E-3,
,,,278.00002E-6,-400.00001E-3,
,,,278.40002E-6,-400.00001E-3,
,,,278.80003E-6,-400.00001E-3,
,,,279.20003E-6,-400.00001E-3,
,,,279.60003E-6,-400.00001E-3,
,,,280.00001E-6,-400.00001E-3,
,,,280.40001E-6,-400.00001E-3,
,,,280.80001E-6,-400.00001E-3,
,,,281.20002E-6,-400.00001E-3,
,,,281.60002E-6,-400.00001E-3,
,,,282.00002E-6,-400.00001E-3,
,,,282.40003E-6,-400.00001E-3,
,,,282.80003E-6,-400.00001E-3,
,,,283.20003E-6,-400.00001E-3,
,,,283.60003E-6,-400.00001E-3,
,,,284.00001E-6,-400.00001E-3,
,,,284.40001E-6,-400.00001E-3,
,,,284.80001E-6,-400.00001E-3,
,,,285.20002E-6,-400.00001E-3,
,,,285.60002E-6,-400.00001E-3,
,,,286.00002E-6,-400.00001E-3,
,,,286.40003E-6,-400.00001E-3,
,,,286.80003E-6,-400.00001E-3,
,,,287.20003E-6,-400.00001E-3,
,,,287.60004E-6,-400.00001E-3,
,,,288.00001E-6,-400.00001E-3,
,,,288.40001E-6,-400.00001E-3,
,,,288.80002E-6,-400.00001E-3,
,,,289.20002E-6,-400.00001E-3,
,,,289.60002E-6,-400.00001E-3,
,,,290.00003E-6,-400.00001E-3,
,,,290.40003E-6,-400.00001E-3,
,,,290.80003E-6,-400.00001E-3,
,,,291.20003E-6,-400.00001E-3,
,,,291.60001E-6,-400.00001E-3,
,,,292.00001E-6,-600.000024E-3,
,,,292.40001E-6,-600.000024E-3,
,,,292.80002E-6,-600.000024E-3,
,,,293.20002E-6,-600.000024E-3,
,,,293.60002E-6,-600.000024E-3,
,,,294.00003E-6,-600.000024E-3,
,,,294.40003E-6,-600.000024E-3,
,,,294.80003E-6,-400.00001E-3,
,,,295.20004E-6,-400.00001E-3,
,,,295.60001E-6,-600.000024E-3,
,,,296.00001E-6,-600.000024E-3,
,,,296.40002E-6,-600.000024E-3,
,,,296.80002E-6,-600.000024E-3,
,,,297.20002E-6,-600.000024E-3,
,,,297.60003E-6,-600.000024E-3,
,,,298.00003E-6,-600.000024E-3,
,,,298.40003E-6,-600.000024E-3,
,,,298.80003E-6,-600.000024E-3,
,,,299.20001E-6,-600.000024E-3,
,,,299.60001E-6,-600.000024E-3,
,,,300.00001E-6,-600.000024E-3,
,,,300.40002E-6,-600.000024E-3,
,,,300.80002E-6,-600.000024E-3,
,,,301.20002E-6,-600.000024E-3,
,,,301.60003E-6,-600.000024E-3,
,,,302.00003E-6,-600.000024E-3,
,,,302.40003E-6,-600.000024E-3,
,,,302.80004E-6,-600.000024E-3,
,,,303.20001E-6,-600.000024E-3,
,,,303.60001E-6,-600.000024E-3,
,,,304.00002E-6,-600.000024E-3,
,,,304.40002E-6,-600.000024E-3,
,,,304.80002E-6,-600.000024E-3,
,,,305.20002E-6,-600.000024E-3,
,,,305.60003E-6,-600.000024E-3,
,,,306.00003E-6,-600.000024E-3,
,,,306.40003E-6,-600.000024E-3,
,,,306.80001E-6,-600.000024E-3,
,,,307.20001E-6,-600.000024E-3,
,,,307.60001E-6,-600.000024E-3,
,,,308.00002E-6,-600.000024E-3,
,,,308.40002E-6,-600.000024E-3,
,,,308.80002E-6,-600.000024E-3,
,,,309.20003E-6,-600.000024E-3,
,,,309.60003E-6,-600.000024E-3,
,,,310.00003E-6,-600.000024E-3,
,,,310.40004E-6,-600.000024E-3,
,,,310.80001E-6,-600.000024E-3,
,,,311.20001E-6,-800.000012E-3,
,,,311.60002E-6,-600.000024E-3,
,,,312.00002E-6,-800.000012E-3,
,,,312.40002E-6,-600.000024E-3,
,,,312.80002E-6,-600.000024E-3,
,,,313.20003E-6,-800.000012E-3,
,,,313.60003E-6,-800.000012E-3,
,,,314.00003E-6,-800.000012E-3,
,,,314.40004E-6,-800.000012E-3,
,,,314.80001E-6,-800.000012E-3,
,,,315.20001E-6,-800.000012E-3,
,,,315.60002E-6,-800.000012E-3,
,,,316.00002E-6,-800.000012E-3,
,,,316.40002E-6,-800.000012E-3,
,,,316.80003E-6,-800.000012E-3,
,,,317.20003E-6,-800.000012E-3,
,,,317.60003E-6,-800.000012E-3,
,,,318.00003E-6,-800.000012E-3,
,,,318.40001E-6,-800.000012E-3,
,,,318.80001E-6,-800.000012E-3,
,,,319.20001E-6,-800.000012E-3,
,,,319.60002E-6,-800.000012E-3,
,,,320.00002E-6,-800.000012E-3,
,,,320.40002E-6,-800.000012E-3,
,,,320.80003E-6,-800.000012E-3,
,,,321.20003E-6,-800.000012E-3,
,,,321.60003E-6,-800.000012E-3,
,,,322.00004E-6,-800.000012E-3,
,,,322.40001E-6,-800.000012E-3,
,,,322.80001E-6,-800.000012E-3,
,,,323.20002E-6,-800.000012E-3,
,,,323.60002E-6,-800.000012E-3,
,,,324.00002E-6,-800.000012E-3,
,,,324.40003E-6,-800.000012E-3,
,,,324.80003E-6,-800.000012E-3,
,,,325.20003E-6,-800.000012E-3,
,,,325.60003E-6,-800.000012E-3,
,,,326.00001E-6,-800.000012E-3,
,,,326.40001E-6,-800.000012E-3,
,,,326.80001E-6,-800.000012E-3,
,,,327.20002E-6,-800.000012E-3,
,,,327.60002E-6,-800.000012E-3,
,,,328.00002E-6,-800.000012E-3,
,,,328.40003E-6,-800.000012E-3,
,,,328.80003E-6,-800.000012E-3,
,,,329.20003E-6,-800.000012E-3,
,,,329.60004E-6,-800.000012E-3,
,,,330.00001E-6,-800.000012E-3,
,,,330.40001E-6,-800.000012E-3,
,,,330.80002E-6,-800.000012E-3,
,,,331.20002E-6,-800.000012E-3,
,,,331.60002E-6,-800.000012E-3,
,,,332.00003E-6,-800.000012E-3,
,,,332.40003E-6,-800.000012E-3,
,,,332.80003E-6,-800.000012E-3,
,,,333.20003E-6,-800.000012E-3,
,,,333.60001E-6,-800.000012E-3,
,,,334.00001E-6,-1.000,
,,,334.40001E-6,-1.000,
,,,334.80002E-6,-800.000012E-3,
,,,335.20002E-6,-800.000012E-3,
,,,335.60002E-6,-800.000012E-3,
,,,336.00003E-6,-1.000,
,,,336.40003E-6,-1.000,
,,,336.80003E-6,-1.000,
,,,337.20004E-6,-1.000,
,,,337.60001E-6,-1.000,
,,,338.00001E-6,-1.000,
,,,338.40002E-6,-800.000012E-3,
,,,338.80002E-6,-1.000,
,,,339.20002E-6,-1.000,
,,,339.60002E-6,-1.000,
,,,340.00003E-6,-1.000,
,,,340.40003E-6,-1.000,
,,,340.80003E-6,-1.000,
,,,341.20004E-6,-1.000,
,,,341.60001E-6,-1.000,
,,,342.00001E-6,-1.000,
,,,342.40002E-6,-1.000,
,,,342.80002E-6,-1.000,
,,,343.20002E-6,-1.000,
,,,343.60003E-6,-1.000,
,,,344.00003E-6,-1.000,
,,,344.40003E-6,-1.000,
,,,344.80004E-6,-1.000,
,,,345.20001E-6,-1.000,
,,,345.60001E-6,-1.000,
,,,346.00002E-6,-1.000,
,,,346.40002E-6,-1.000,
,,,346.80002E-6,-1.000,
,,,347.20002E-6,-1.000,
,,,347.60003E-6,-1.000,
,,,348.00003E-6,-1.000,
,,,348.40003E-6,-1.000,
,,,348.80004E-6,-1.000,
,,,349.20001E-6,-1.000,
,,,349.60001E-6,-1.000,
,,,350.00002E-6,-1.000,
,,,350.40002E-6,-1.000,
,,,350.80002E-6,-1.000,
,,,351.20003E-6,-1.000,
,,,351.60003E-6,-1.000,
,,,352.00003E-6,-1.000,
,,,352.40003E-6,-1.000,
,,,352.80001E-6,-1.000,
,,,353.20001E-6,-1.000,
,,,353.60001E-6,-1.000,
,,,354.00002E-6,-1.000,
,,,354.40002E-6,-1.000,
,,,354.80002E-6,-1.000,
,,,355.20003E-6,-1.000,
,,,355.60003E-6,-1.000,
,,,356.00003E-6,-1.000,
,,,356.40004E-6,-1.000,
,,,356.80001E-6,-1.000,
,,,357.20001E-6,-1.000,
,,,357.60002E-6,-1.000,
,,,358.00002E-6,-1.000,
,,,358.40002E-6,-1.000,
,,,358.80003E-6,-1.2000,
,,,359.20003E-6,-1.000,
,,,359.60003E-6,-1.000,
,,,360.00003E-6,-1.2000,
,,,360.40001E-6,-1.2000,
,,,360.80001E-6,-1.2000,
,,,361.20001E-6,-1.2000,
,,,361.60002E-6,-1.2000,
,,,362.00002E-6,-1.000,
,,,362.40002E-6,-1.000,
,,,362.80003E-6,-1.000,
,,,363.20003E-6,-1.2000,
,,,363.60003E-6,-1.2000,
,,,364.00004E-6,-1.2000,
,,,364.40001E-6,-1.000,
,,,364.80001E-6,-1.2000,
,,,365.20002E-6,-1.2000,
,,,365.60002E-6,-1.2000,
,,,366.00002E-6,-1.2000,
,,,366.40003E-6,-1.2000,
,,,366.80003E-6,-1.000,
,,,367.20003E-6,-1.2000,
,,,367.60003E-6,-1.2000,
,,,368.00004E-6,-1.2000,
,,,368.40001E-6,-1.2000,
,,,368.80001E-6,-1.2000,
,,,369.20002E-6,-1.2000,
,,,369.60002E-6,-1.2000,
,,,370.00002E-6,-1.2000,
,,,370.40003E-6,-1.2000,
,,,370.80003E-6,-1.2000,
,,,371.20003E-6,-1.2000,
,,,371.60004E-6,-1.2000,
,,,372.00001E-6,-1.2000,
,,,372.40001E-6,-1.2000,
,,,372.80002E-6,-1.2000,
,,,373.20002E-6,-1.2000,
,,,373.60002E-6,-1.2000,
,,,374.00002E-6,-1.2000,
,,,374.40003E-6,-1.2000,
,,,374.80003E-6,-1.2000,
,,,375.20003E-6,-1.2000,
,,,375.60004E-6,-1.2000,
,,,376.00001E-6,-1.2000,
,,,376.40001E-6,-1.2000,
,,,376.80002E-6,-1.2000,
,,,377.20002E-6,-1.2000,
,,,377.60002E-6,-1.2000,
,,,378.00003E-6,-1.2000,
,,,378.40003E-6,-1.2000,
,,,378.80003E-6,-1.2000,
,,,379.20004E-6,-1.2000,
,,,379.60001E-6,-1.2000,
,,,380.00001E-6,-1.2000,
,,,380.40002E-6,-1.2000,
,,,380.80002E-6,-1.2000,
,,,381.20002E-6,-1.2000,
,,,381.60002E-6,-1.2000,
,,,382.00003E-6,-1.2000,
,,,382.40003E-6,-1.2000,
,,,382.80003E-6,-1.2000,
,,,383.20004E-6,-1.2000,
,,,383.60001E-6,-1.2000,
,,,384.00001E-6,-1.2000,
,,,384.40002E-6,-1.2000,
,,,384.80002E-6,-1.2000,
,,,385.20002E-6,-1.2000,
,,,385.60003E-6,-1.2000,
,,,386.00003E-6,-1.2000,
,,,386.40003E-6,-1.2000,
,,,386.80003E-6,-1.2000,
,,,387.20001E-6,-1.2000,
,,,387.60001E-6,-1.2000,
,,,388.00001E-6,-1.2000,
,,,388.40002E-6,-1.2000,
,,,388.80002E-6,-1.2000,
,,,389.20002E-6,-1.2000,
,,,389.60003E-6,-1.2000,
,,,390.00003E-6,-1.2000,
,,,390.40003E-6,-1.2000,
,,,390.80004E-6,-1.2000,
,,,391.20001E-6,-1.4000,
,,,391.60001E-6,-1.4000,
,,,392.00002E-6,-1.4000,
,,,392.40002E-6,-1.4000,
,,,392.80002E-6,-1.2000,
,,,393.20003E-6,-1.4000,
,,,393.60003E-6,-1.4000,
,,,394.00003E-6,-1.4000,
,,,394.40003E-6,-1.4000,
,,,394.80004E-6,-1.4000,
,,,395.20001E-6,-1.4000,
,,,395.60001E-6,-1.4000,
,,,396.00002E-6,-1.4000,
,,,396.40002E-6,-1.2000,
,,,396.80002E-6,-1.4000,
,,,397.20003E-6,-1.4000,
,,,397.60003E-6,-1.4000,
,,,398.00003E-6,-1.4000,
,,,398.40004E-6,-1.4000,
,,,398.80001E-6,-1.4000,
,,,399.20001E-6,-1.2000,
,,,399.60002E-6,-1.4000,
,,,400.00002E-6,-1.4000,
,,,400.40002E-6,-1.4000,
,,,400.80003E-6,-1.4000,
,,,401.20003E-6,-1.4000,
,,,401.60003E-6,-1.4000,
,,,402.00003E-6,-1.4000,
,,,402.40004E-6,-1.4000,
,,,402.80001E-6,-1.4000,
,,,403.20001E-6,-1.4000,
,,,403.600017E-6,-1.4000,
,,,404.000020E-6,-1.4000,
,,,404.400023E-6,-1.4000,
,,,404.800026E-6,-1.4000,
,,,405.200029E-6,-1.4000,
,,,405.600033E-6,-1.4000,
,,,406.000036E-6,-1.4000,
,,,406.400010E-6,-1.4000,
,,,406.800013E-6,-1.4000,
,,,407.200016E-6,-1.4000,
,,,407.600019E-6,-1.4000,
,,,408.000022E-6,-1.4000,
,,,408.400025E-6,-1.4000,
,,,408.800028E-6,-1.4000,
,,,409.200031E-6,-1.4000,
,,,409.600034E-6,-1.4000,
,,,410.000037E-6,-1.4000,
,,,410.400011E-6,-1.4000,
,,,410.800014E-6,-1.4000,
,,,411.200017E-6,-1.4000,
,,,411.600020E-6,-1.4000,
,,,412.000023E-6,-1.4000,
,,,412.400026E-6,-1.4000,
,,,412.800029E-6,-1.4000,
,,,413.200032E-6,-1.4000,
,,,413.600035E-6,-1.4000,
,,,414.000009E-6,-1.4000,
,,,414.400012E-6,-1.4000,
,,,414.800015E-6,-1.4000,
,,,415.200018E-6,-1.4000,
,,,415.600021E-6,-1.4000,
,,,416.000024E-6,-1.4000,
,,,416.400027E-6,-1.4000,
,,,416.800031E-6,-1.4000,
,,,417.200034E-6,-1.4000,
,,,417.600037E-6,-1.4000,
,,,418.000011E-6,-1.4000,
,,,418.400014E-6,-1.4000,
,,,418.800017E-6,-1.4000,
,,,419.200020E-6,-1.4000,
,,,419.600023E-6,-1.4000,
,,,420.000026E-6,-1.4000,
,,,420.400029E-6,-1.4000,
,,,420.800032E-6,-1.4000,
,,,421.200035E-6,-1.4000,
,,,421.600038E-6,-1.4000,
,,,422.000012E-6,-1.4000,
,,,422.400015E-6,-1.4000,
,,,422.800018E-6,-1.4000,
,,,423.200021E-6,-1.4000,
,,,423.600024E-6,-1.4000,
,,,424.000027E-6,-1.4000,
,,,424.400030E-6,-1.4000,
,,,424.800033E-6,-1.4000,
,,,425.200036E-6,-1.4000,
,,,425.600010E-6,-1.4000,
,,,426.000013E-6,-1.4000,
,,,426.400016E-6,-1.4000,
,,,426.800019E-6,-1.4000,
,,,427.200022E-6,-1.4000,
,,,427.600025E-6,-1.4000,
,,,428.000028E-6,-1.4000,
,,,428.400032E-6,-1.4000,
,,,428.800035E-6,-1.4000,
,,,429.200038E-6,-1.4000,
,,,429.600012E-6,-1.4000,
,,,430.000015E-6,-1.4000,
,,,430.400018E-6,-1.4000,
,,,430.800021E-6,-1.4000,
,,,431.200024E-6,-1.4000,
,,,431.600027E-6,-1.4000,
,,,432.000030E-6,-1.4000,
,,,432.400033E-6,-1.4000,
,,,432.800036E-6,-1.4000,
,,,433.200010E-6,-1.4000,
,,,433.600013E-6,-1.4000,
,,,434.000016E-6,-1.4000,
,,,434.400019E-6,-1.4000,
,,,434.800022E-6,-1.4000,
,,,435.200025E-6,-1.4000,
,,,435.600028E-6,-1.4000,
,,,436.000031E-6,-1.4000,
,,,436.400034E-6,-1.6000,
,,,436.800037E-6,-1.4000,
,,,437.200011E-6,-1.6000,
,,,437.600014E-6,-1.4000,
,,,438.000017E-6,-1.4000,
,,,438.400020E-6,-1.4000,
,,,438.800023E-6,-1.4000,
,,,439.200026E-6,-1.6000,
,,,439.600029E-6,-1.4000,
,,,440.000033E-6,-1.6000,
,,,440.400036E-6,-1.6000,
,,,440.800010E-6,-1.6000,
,,,441.200013E-6,-1.6000,
,,,441.600016E-6,-1.4000,
,,,442.000019E-6,-1.4000,
,,,442.400022E-6,-1.6000,
,,,442.800025E-6,-1.4000,
,,,443.200028E-6,-1.4000,
,,,443.600031E-6,-1.6000,
,,,444.000034E-6,-1.6000,
,,,444.400037E-6,-1.6000,
,,,444.800011E-6,-1.6000,
,,,445.200014E-6,-1.4000,
,,,445.600017E-6,-1.4000,
,,,446.000020E-6,-1.6000,
,,,446.400023E-6,-1.6000,
,,,446.800026E-6,-1.6000,
,,,447.200029E-6,-1.4000,
,,,447.600032E-6,-1.6000,
,,,448.000035E-6,-1.6000,
,,,448.400038E-6,-1.6000,
,,,448.800012E-6,-1.4000,
,,,449.200015E-6,-1.6000,
,,,449.600018E-6,-1.6000,
,,,450.000021E-6,-1.6000,
,,,450.400024E-6,-1.4000,
,,,450.800027E-6,-1.4000,
,,,451.200031E-6,-1.6000,
,,,451.600034E-6,-1.6000,
,,,452.000037E-6,-1.6000,
,,,452.400011E-6,-1.6000,
,,,452.800014E-6,-1.6000,
,,,453.200017E-6,-1.6000,
,,,453.600020E-6,-1.4000,
,,,454.000023E-6,-1.6000,
,,,454.400026E-6,-1.6000,
,,,454.800029E-6,-1.6000,
,,,455.200032E-6,-1.6000,
,,,455.600035E-6,-1.4000,
,,,456.000038E-6,-1.4000,
,,,456.400012E-6,-1.6000,
,,,456.800015E-6,-1.4000,
,,,457.200018E-6,-1.6000,
,,,457.600021E-6,-1.6000,
,,,458.000024E-6,-1.6000,
,,,458.400027E-6,-1.6000,
,,,458.800030E-6,-1.6000,
,,,459.200033E-6,-1.6000,
,,,459.600036E-6,-1.6000,
,,,460.000010E-6,-1.6000,
,,,460.400013E-6,-1.6000,
,,,460.800016E-6,-1.6000,
,,,461.200019E-6,-1.6000,
,,,461.600022E-6,-1.6000,
,,,462.000025E-6,-1.4000,
,,,462.400028E-6,-1.6000,
,,,462.800032E-6,-1.6000,
,,,463.200035E-6,-1.6000,
,,,463.600038E-6,-1.6000,
,,,464.000012E-6,-1.6000,
,,,464.400015E-6,-1.6000,
,,,464.800018E-6,-1.6000,
,,,465.200021E-6,-1.6000,
,,,465.600024E-6,-1.6000,
,,,466.000027E-6,-1.6000,
,,,466.400030E-6,-1.4000,
,,,466.800033E-6,-1.6000,
,,,467.200036E-6,-1.6000,
,,,467.600010E-6,-1.6000,
,,,468.000013E-6,-1.6000,
,,,468.400016E-6,-1.6000,
,,,468.800019E-6,-1.6000,
,,,469.200022E-6,-1.6000,
,,,469.600025E-6,-1.6000,
,,,470.000028E-6,-1.6000,
,,,470.400031E-6,-1.6000,
,,,470.800034E-6,-1.4000,
,,,471.200037E-6,-1.6000,
,,,471.600011E-6,-1.4000,
,,,472.000014E-6,-1.4000,
,,,472.400017E-6,-1.6000,
,,,472.800020E-6,-1.6000,
,,,473.200023E-6,-1.6000,
,,,473.600026E-6,-1.6000,
,,,474.000029E-6,-1.6000,
,,,474.400033E-6,-1.6000,
,,,474.800036E-6,-1.6000,
,,,475.200039E-6,-1.6000,
,,,475.600013E-6,-1.6000,
,,,476.000016E-6,-1.6000,
,,,476.400019E-6,-1.6000,
,,,476.800022E-6,-1.6000,
,,,477.200025E-6,-1.6000,
,,,477.600028E-6,-1.6000,
,,,478.000031E-6,-1.6000,
,,,478.400034E-6,-1.6000,
,,,478.800037E-6,-1.6000,
,,,479.200011E-6,-1.6000,
,,,479.600014E-6,-1.6000,
,,,480.000017E-6,-1.6000,
,,,480.400020E-6,-1.6000,
,,,480.800023E-6,-1.6000,
,,,481.200026E-6,-1.6000,
,,,481.600029E-6,-1.6000,
,,,482.000032E-6,-1.6000,
,,,482.400035E-6,-1.6000,
,,,482.800038E-6,-1.6000,
,,,483.200012E-6,-1.6000,
,,,483.600015E-6,-1.6000,
,,,484.000018E-6,-1.6000,
,,,484.400021E-6,-1.6000,
,,,484.800024E-6,-1.6000,
,,,485.200027E-6,-1.6000,
,,,485.600031E-6,-1.6000,
,,,486.000034E-6,-1.6000,
,,,486.400037E-6,-1.4000,
,,,486.800011E-6,-1.4000,
,,,487.200014E-6,-1.4000,
,,,487.600017E-6,-1.6000,
,,,488.000020E-6,-1.6000,
,,,488.400052E-6,-1.6000,
,,,488.799997E-6,-1.6000,
,,,489.200000E-6,-1.6000,
,,,489.600003E-6,-1.6000,
,,,490.000006E-6,-1.6000,
,,,490.400009E-6,-1.6000,
,,,490.800012E-6,-1.6000,
,,,491.200015E-6,-1.6000,
,,,491.600018E-6,-1.6000,
,,,492.000021E-6,-1.6000,
,,,492.400024E-6,-1.6000,
,,,492.800027E-6,-1.6000,
,,,493.200030E-6,-1.6000,
,,,493.600033E-6,-1.6000,
,,,494.000036E-6,-1.6000,
,,,494.400039E-6,-1.4000,
,,,494.800042E-6,-1.6000,
,,,495.200045E-6,-1.6000,
,,,495.600048E-6,-1.6000,
,,,496.000051E-6,-1.6000,
,,,496.399996E-6,-1.4000,
,,,496.799999E-6,-1.6000,
,,,497.200002E-6,-1.6000,
,,,497.600005E-6,-1.6000,
,,,498.000009E-6,-1.6000,
,,,498.400012E-6,-1.6000,
,,,498.800015E-6,-1.4000,
,,,499.200018E-6,-1.6000,
,,,499.600021E-6,-1.6000,
,,,500.000024E-6,-1.4000,
,,,500.400027E-6,-1.6000,
,,,500.800030E-6,-1.6000,
,,,501.200033E-6,-1.6000,
,,,501.600036E-6,-1.6000,
,,,502.000039E-6,-1.6000,
,,,502.400042E-6,-1.6000,
,,,502.800045E-6,-1.6000,
,,,503.200048E-6,-1.6000,
,,,503.600051E-6,-1.6000,
,,,503.999996E-6,-1.6000,
,,,504.399999E-6,-1.6000,
,,,504.800002E-6,-1.6000,
,,,505.200005E-6,-1.6000,
,,,505.600008E-6,-1.6000,
,,,506.000011E-6,-1.6000,
,,,506.400014E-6,-1.4000,
,,,506.800017E-6,-1.6000,
,,,507.200020E-6,-1.6000,
,,,507.600023E-6,-1.6000,
,,,508.000026E-6,-1.6000,
,,,508.400030E-6,-1.6000,
,,,508.800033E-6,-1.6000,
,,,509.200036E-6,-1.6000,
,,,509.600039E-6,-1.4000,
,,,510.000042E-6,-1.6000,
,,,510.400045E-6,-1.6000,
,,,510.800048E-6,-1.6000,
,,,511.200051E-6,-1.6000,
,,,511.599996E-6,-1.6000,
,,,511.999999E-6,-1.4000,
,,,512.400002E-6,-1.6000,
,,,512.800005E-6,-1.6000,
,,,513.200008E-6,-1.6000,
,,,513.600011E-6,-1.6000,
,,,514.000014E-6,-1.4000,
,,,514.400017E-6,-1.6000,
,,,514.800020E-6,-1.6000,
,,,515.200023E-6,-1.6000,
,,,515.600026E-6,-1.6000,
,,,516.000029E-6,-1.6000,
,,,516.400032E-6,-1.6000,
,,,516.800035E-6,-1.6000,
,,,517.200038E-6,-1.6000,
,,,517.600041E-6,-1.4000,
,,,518.000044E-6,-1.4000,
,,,518.400047E-6,-1.4000,
,,,518.800050E-6,-1.6000,
,,,519.200054E-6,-1.6000,
,,,519.599998E-6,-1.4000,
,,,520.000001E-6,-1.4000,
,,,520.400004E-6,-1.6000,
,,,520.800008E-6,-1.4000,
,,,521.200011E-6,-1.4000,
,,,521.600014E-6,-1.6000,
,,,522.000017E-6,-1.4000,
,,,522.400020E-6,-1.6000,
,,,522.800023E-6,-1.6000,
,,,523.200026E-6,-1.4000,
,,,523.600029E-6,-1.4000,
,,,524.000032E-6,-1.4000,
,,,524.400035E-6,-1.4000,
,,,524.800038E-6,-1.6000,
,,,525.200041E-6,-1.4000,
,,,525.600044E-6,-1.4000,
,,,526.000047E-6,-1.4000,
,,,526.400050E-6,-1.4000,
,,,526.800053E-6,-1.4000,
,,,527.199998E-6,-1.4000,
,,,527.600001E-6,-1.4000,
,,,528.000004E-6,-1.4000,
,,,528.400007E-6,-1.4000,
,,,528.800010E-6,-1.4000,
,,,529.200013E-6,-1.4000,
,,,529.600016E-6,-1.4000,
,,,530.000019E-6,-1.4000,
,,,530.400022E-6,-1.4000,
,,,530.800025E-6,-1.4000,
,,,531.200028E-6,-1.4000,
,,,531.600032E-6,-1.6000,
,,,532.000035E-6,-1.4000,
,,,532.400038E-6,-1.4000,
,,,532.800041E-6,-1.4000,
,,,533.200044E-6,-1.4000,
,,,533.600047E-6,-1.4000,
,,,534.000050E-6,-1.4000,
,,,534.400053E-6,-1.6000,
,,,534.799998E-6,-1.4000,
,,,535.200001E-6,-1.4000,
,,,535.600004E-6,-1.4000,
,,,536.000007E-6,-1.4000,
,,,536.400010E-6,-1.4000,
,,,536.800013E-6,-1.4000,
,,,537.200016E-6,-1.4000,
,,,537.600019E-6,-1.4000,
,,,538.000022E-6,-1.4000,
,,,538.400025E-6,-1.4000,
,,,538.800028E-6,-1.4000,
,,,539.200031E-6,-1.4000,
,,,539.600034E-6,-1.4000,
,,,540.000037E-6,-1.4000,
,,,540.400040E-6,-1.4000,
,,,540.800043E-6,-1.4000,
,,,541.200046E-6,-1.4000,
,,,541.600049E-6,-1.4000,
,,,542.000053E-6,-1.4000,
,,,542.399997E-6,-1.4000,
,,,542.800000E-6,-1.4000,
,,,543.200003E-6,-1.4000,
,,,543.600006E-6,-1.4000,
,,,544.000010E-6,-1.4000,
,,,544.400013E-6,-1.4000,
,,,544.800016E-6,-1.4000,
,,,545.200019E-6,-1.4000,
,,,545.600022E-6,-1.4000,
,,,546.000025E-6,-1.4000,
,,,546.400028E-6,-1.4000,
,,,546.800031E-6,-1.4000,
,,,547.200034E-6,-1.4000,
,,,547.600037E-6,-1.4000,
,,,548.000040E-6,-1.4000,
,,,548.400043E-6,-1.4000,
,,,548.800046E-6,-1.4000,
,,,549.200049E-6,-1.4000,
,,,549.600052E-6,-1.4000,
,,,549.999997E-6,-1.4000,
,,,550.400000E-6,-1.4000,
,,,550.800003E-6,-1.4000,
,,,551.200006E-6,-1.4000,
,,,551.600009E-6,-1.4000,
,,,552.000012E-6,-1.4000,
,,,552.400015E-6,-1.4000,
,,,552.800018E-6,-1.4000,
,,,553.200021E-6,-1.4000,
,,,553.600024E-6,-1.4000,
,,,554.000027E-6,-1.4000,
,,,554.400031E-6,-1.4000,
,,,554.800034E-6,-1.4000,
,,,555.200037E-6,-1.4000,
,,,555.600040E-6,-1.4000,
,,,556.000043E-6,-1.4000,
,,,556.400046E-6,-1.4000,
,,,556.800049E-6,-1.4000,
,,,557.200052E-6,-1.4000,
,,,557.599997E-6,-1.4000,
,,,558.000000E-6,-1.4000,
,,,558.400003E-6,-1.4000,
,,,558.800006E-6,-1.4000,
,,,559.200009E-6,-1.4000,
,,,559.600012E-6,-1.4000,
,,,560.000015E-6,-1.4000,
,,,560.400018E-6,-1.4000,
,,,560.800021E-6,-1.4000,
,,,561.200024E-6,-1.4000,
,,,561.600027E-6,-1.4000,
,,,562.000030E-6,-1.4000,
,,,562.400033E-6,-1.4000,
,,,562.800036E-6,-1.4000,
,,,563.200039E-6,-1.4000,
,,,563.600042E-6,-1.4000,
,,,564.000045E-6,-1.4000,
,,,564.400048E-6,-1.4000,
,,,564.800052E-6,-1.4000,
,,,565.199996E-6,-1.2000,
,,,565.599999E-6,-1.4000,
,,,566.000002E-6,-1.4000,
,,,566.400005E-6,-1.4000,
,,,566.800009E-6,-1.4000,
,,,567.200012E-6,-1.4000,
,,,567.600015E-6,-1.2000,
,,,568.000018E-6,-1.4000,
,,,568.400021E-6,-1.2000,
,,,568.800024E-6,-1.4000,
,,,569.200027E-6,-1.2000,
,,,569.600030E-6,-1.2000,
,,,570.000033E-6,-1.4000,
,,,570.400036E-6,-1.4000,
,,,570.800039E-6,-1.4000,
,,,571.200042E-6,-1.4000,
,,,571.600045E-6,-1.4000,
,,,572.000048E-6,-1.2000,
,,,572.400051E-6,-1.2000,
,,,572.800054E-6,-1.2000,
,,,573.199999E-6,-1.2000,
,,,573.600002E-6,-1.2000,
,,,574.000005E-6,-1.2000,
,,,574.400008E-6,-1.2000,
,,,574.800011E-6,-1.2000,
,,,575.200014E-6,-1.4000,
,,,575.600017E-6,-1.2000,
,,,576.000020E-6,-1.2000,
,,,576.400023E-6,-1.2000,
,,,576.800026E-6,-1.2000,
,,,577.200030E-6,-1.2000,
,,,577.600033E-6,-1.2000,
,,,578.000036E-6,-1.2000,
,,,578.400039E-6,-1.2000,
,,,578.800042E-6,-1.2000,
,,,579.200045E-6,-1.2000,
,,,579.600048E-6,-1.2000,
,,,580.000051E-6,-1.2000,
,,,580.400054E-6,-1.2000,
,,,580.799999E-6,-1.2000,
,,,581.200002E-6,-1.2000,
,,,581.600005E-6,-1.2000,
,,,582.000008E-6,-1.2000,
,,,582.400011E-6,-1.2000,
,,,582.800014E-6,-1.2000,
,,,583.200017E-6,-1.2000,
,,,583.600020E-6,-1.2000,
,,,584.000023E-6,-1.2000,
,,,584.400026E-6,-1.2000,
,,,584.800029E-6,-1.2000,
,,,585.200032E-6,-1.2000,
,,,585.600035E-6,-1.2000,
,,,586.000038E-6,-1.2000,
,,,586.400041E-6,-1.2000,
,,,586.800044E-6,-1.2000,
,,,587.200047E-6,-1.2000,
,,,587.600050E-6,-1.2000,
,,,588.000054E-6,-1.2000,
,,,588.399998E-6,-1.2000,
,,,588.800001E-6,-1.2000,
,,,589.200004E-6,-1.2000,
,,,589.600008E-6,-1.2000,
,,,590.000011E-6,-1.2000,
,,,590.400014E-6,-1.2000,
,,,590.800017E-6,-1.2000,
,,,591.200020E-6,-1.2000,
,,,591.600023E-6,-1.2000,
,,,592.000026E-6,-1.2000,
,,,592.400029E-6,-1.2000,
,,,592.800032E-6,-1.2000,
,,,593.200035E-6,-1.2000,
,,,593.600038E-6,-1.2000,
,,,594.000041E-6,-1.2000,
,,,594.400044E-6,-1.2000,
,,,594.800047E-6,-1.2000,
,,,595.200050E-6,-1.000,
,,,595.600053E-6,-1.2000,
,,,595.999998E-6,-1.2000,
,,,596.400001E-6,-1.000,
,,,596.800004E-6,-1.2000,
,,,597.200007E-6,-1.2000,
,,,597.600010E-6,-1.2000,
,,,598.000013E-6,-1.2000,
,,,598.400016E-6,-1.2000,
,,,598.800019E-6,-1.2000,
,,,599.200022E-6,-1.2000,
,,,599.600025E-6,-1.2000,
,,,600.000028E-6,-1.2000,
,,,600.400032E-6,-1.2000,
,,,600.800035E-6,-1.000,
,,,601.200038E-6,-1.2000,
,,,601.600041E-6,-1.2000,
,,,602.000044E-6,-1.2000,
,,,602.400047E-6,-1.000,
,,,602.800050E-6,-1.000,
,,,603.200053E-6,-1.000,
,,,603.599998E-6,-1.000,
,,,604.000001E-6,-1.000,
,,,604.400004E-6,-1.000,
,,,604.800007E-6,-1.000,
,,,605.200010E-6,-1.000,
,,,605.600013E-6,-1.000,
,,,606.000016E-6,-1.000,
,,,606.400019E-6,-1.000,
,,,606.800022E-6,-1.000,
,,,607.200025E-6,-1.000,
,,,607.600028E-6,-1.000,
,,,608.000031E-6,-1.000,
,,,608.400034E-6,-1.000,
,,,608.800037E-6,-1.000,
,,,609.200040E-6,-1.000,
,,,609.600043E-6,-1.000,
,,,610.000046E-6,-1.000,
,,,610.400049E-6,-1.000,
,,,610.800053E-6,-1.000,
,,,611.199997E-6,-1.000,
,,,611.600000E-6,-1.000,
