Record Length,2500,Points,-360.00001E-6,-20.0000E-3,
Sample Interval,400.00000E-9,s,-359.60000E-6,-20.0000E-3,
Trigger Point,900.000003,Samples,-359.20000E-6,-20.0000E-3,
,,,-358.80000E-6,-20.0000E-3,
,,,-358.39999E-6,0.0,
,,,-358.00002E-6,0.0,
Source,CH1,,-357.60002E-6,0.0,
Vertical Units,Volts,,-357.20001E-6,-20.0000E-3,
Vertical Scale,499.999989E-3,,-356.80001E-6,0.0,
Vertical Offset,0,,-356.40001E-6,-20.0000E-3,
Horizontal Units,s,,-356.00000E-6,0.0,
Horizontal Scale,100.0000E-6,,-355.60000E-6,0.0,
Pt Fmt,Y,,-355.20000E-6,-20.0000E-3,
Yzero,0.0,,-354.79999E-6,-20.0000E-3,
Probe Atten,1.000,,-354.39999E-6,-20.0000E-3,
,,,-354.00002E-6,-20.0000E-3,
Note,TDS 1012B - 15:25:32   10/11/2016,,-353.60001E-6,0.0,
,,,-353.20001E-6,-20.0000E-3,
,,,-352.80001E-6,-20.0000E-3,
,,,-352.40001E-6,-20.0000E-3,
,,,-352.00000E-6,-20.0000E-3,
,,,-351.60000E-6,-20.0000E-3,
,,,-351.20000E-6,-20.0000E-3,
,,,-350.79999E-6,-20.0000E-3,
,,,-350.40002E-6,-20.0000E-3,
,,,-350.00002E-6,-20.0000E-3,
,,,-349.60001E-6,0.0,
,,,-349.20001E-6,0.0,
,,,-348.80001E-6,-20.0000E-3,
,,,-348.40000E-6,-20.0000E-3,
,,,-348.00000E-6,0.0,
,,,-347.60000E-6,0.0,
,,,-347.20000E-6,0.0,
,,,-346.79999E-6,-20.0000E-3,
,,,-346.40002E-6,0.0,
,,,-346.00002E-6,0.0,
,,,-345.60001E-6,0.0,
,,,-345.20001E-6,-20.0000E-3,
,,,-344.80001E-6,0.0,
,,,-344.40000E-6,-20.0000E-3,
,,,-344.00000E-6,0.0,
,,,-343.60000E-6,-20.0000E-3,
,,,-343.19999E-6,0.0,
,,,-342.79999E-6,-20.0000E-3,
,,,-342.40002E-6,-20.0000E-3,
,,,-342.00001E-6,-20.0000E-3,
,,,-341.60001E-6,-20.0000E-3,
,,,-341.20001E-6,0.0,
,,,-340.80000E-6,0.0,
,,,-340.40000E-6,0.0,
,,,-340.00000E-6,0.0,
,,,-339.60000E-6,-20.0000E-3,
,,,-339.19999E-6,0.0,
,,,-338.80002E-6,-20.0000E-3,
,,,-338.40002E-6,0.0,
,,,-338.00001E-6,-20.0000E-3,
,,,-337.60001E-6,0.0,
,,,-337.20001E-6,0.0,
,,,-336.80000E-6,-20.0000E-3,
,,,-336.40000E-6,-20.0000E-3,
,,,-336.00000E-6,0.0,
,,,-335.59999E-6,-20.0000E-3,
,,,-335.19999E-6,-20.0000E-3,
,,,-334.80002E-6,-20.0000E-3,
,,,-334.40001E-6,-20.0000E-3,
,,,-334.00001E-6,0.0,
,,,-333.60001E-6,0.0,
,,,-333.20001E-6,-20.0000E-3,
,,,-332.80000E-6,-20.0000E-3,
,,,-332.40000E-6,0.0,
,,,-332.00000E-6,-20.0000E-3,
,,,-331.59999E-6,0.0,
,,,-331.20002E-6,-20.0000E-3,
,,,-330.80002E-6,-20.0000E-3,
,,,-330.40001E-6,0.0,
,,,-330.00001E-6,-20.0000E-3,
,,,-329.60001E-6,0.0,
,,,-329.20000E-6,0.0,
,,,-328.80000E-6,0.0,
,,,-328.40000E-6,-20.0000E-3,
,,,-327.99999E-6,0.0,
,,,-327.59999E-6,-20.0000E-3,
,,,-327.20002E-6,-20.0000E-3,
,,,-326.80001E-6,-20.0000E-3,
,,,-326.40001E-6,-20.0000E-3,
,,,-326.00001E-6,0.0,
,,,-325.60001E-6,-20.0000E-3,
,,,-325.20000E-6,-20.0000E-3,
,,,-324.80000E-6,0.0,
,,,-324.40000E-6,-20.0000E-3,
,,,-323.99999E-6,0.0,
,,,-323.60002E-6,-20.0000E-3,
,,,-323.20002E-6,-20.0000E-3,
,,,-322.80001E-6,-20.0000E-3,
,,,-322.40001E-6,-20.0000E-3,
,,,-322.00001E-6,0.0,
,,,-321.60000E-6,0.0,
,,,-321.20000E-6,-20.0000E-3,
,,,-320.80000E-6,-20.0000E-3,
,,,-320.39999E-6,0.0,
,,,-319.99999E-6,-20.0000E-3,
,,,-319.60002E-6,0.0,
,,,-319.20001E-6,-20.0000E-3,
,,,-318.80001E-6,0.0,
,,,-318.40001E-6,0.0,
,,,-318.00001E-6,0.0,
,,,-317.60000E-6,0.0,
,,,-317.20000E-6,0.0,
,,,-316.80000E-6,-20.0000E-3,
,,,-316.39999E-6,0.0,
,,,-315.99999E-6,-20.0000E-3,
,,,-315.60002E-6,-20.0000E-3,
,,,-315.20001E-6,0.0,
,,,-314.80001E-6,0.0,
,,,-314.40001E-6,-20.0000E-3,
,,,-314.00000E-6,0.0,
,,,-313.60000E-6,-20.0000E-3,
,,,-313.20000E-6,-20.0000E-3,
,,,-312.80000E-6,-20.0000E-3,
,,,-312.39999E-6,-20.0000E-3,
,,,-312.00002E-6,0.0,
,,,-311.60002E-6,-20.0000E-3,
,,,-311.20001E-6,0.0,
,,,-310.80001E-6,0.0,
,,,-310.40001E-6,-20.0000E-3,
,,,-310.00000E-6,20.0000E-3,
,,,-309.60000E-6,0.0,
,,,-309.20000E-6,-20.0000E-3,
,,,-308.79999E-6,0.0,
,,,-308.39999E-6,0.0,
,,,-308.00002E-6,0.0,
,,,-307.60001E-6,-20.0000E-3,
,,,-307.20001E-6,-20.0000E-3,
,,,-306.80001E-6,-20.0000E-3,
,,,-306.40000E-6,0.0,
,,,-306.00000E-6,0.0,
,,,-305.60000E-6,-20.0000E-3,
,,,-305.20000E-6,0.0,
,,,-304.79999E-6,-20.0000E-3,
,,,-304.40002E-6,0.0,
,,,-304.00002E-6,-20.0000E-3,
,,,-303.60001E-6,-20.0000E-3,
,,,-303.20001E-6,-20.0000E-3,
,,,-302.80001E-6,0.0,
,,,-302.40000E-6,0.0,
,,,-302.00000E-6,-20.0000E-3,
,,,-301.60000E-6,0.0,
,,,-301.19999E-6,0.0,
,,,-300.79999E-6,0.0,
,,,-300.40002E-6,0.0,
,,,-300.00001E-6,-20.0000E-3,
,,,-299.60001E-6,0.0,
,,,-299.20001E-6,0.0,
,,,-298.80001E-6,0.0,
,,,-298.40000E-6,-20.0000E-3,
,,,-298.00000E-6,-20.0000E-3,
,,,-297.60000E-6,0.0,
,,,-297.19999E-6,-20.0000E-3,
,,,-296.80002E-6,-20.0000E-3,
,,,-296.40002E-6,0.0,
,,,-296.00001E-6,0.0,
,,,-295.60001E-6,-20.0000E-3,
,,,-295.20001E-6,-20.0000E-3,
,,,-294.80000E-6,0.0,
,,,-294.40000E-6,0.0,
,,,-294.00000E-6,0.0,
,,,-293.59999E-6,-20.0000E-3,
,,,-293.19999E-6,0.0,
,,,-292.80002E-6,0.0,
,,,-292.40001E-6,-20.0000E-3,
,,,-292.00001E-6,0.0,
,,,-291.60001E-6,-20.0000E-3,
,,,-291.20001E-6,0.0,
,,,-290.80000E-6,0.0,
,,,-290.40000E-6,-20.0000E-3,
,,,-290.00000E-6,-20.0000E-3,
,,,-289.59999E-6,0.0,
,,,-289.19999E-6,0.0,
,,,-288.80002E-6,-20.0000E-3,
,,,-288.40001E-6,0.0,
,,,-288.00001E-6,-20.0000E-3,
,,,-287.60001E-6,-20.0000E-3,
,,,-287.20000E-6,-20.0000E-3,
,,,-286.80000E-6,-20.0000E-3,
,,,-286.40000E-6,-20.0000E-3,
,,,-285.99999E-6,-20.0000E-3,
,,,-285.59999E-6,-20.0000E-3,
,,,-285.20002E-6,0.0,
,,,-284.80001E-6,0.0,
,,,-284.40001E-6,0.0,
,,,-284.00001E-6,-20.0000E-3,
,,,-283.60001E-6,-20.0000E-3,
,,,-283.20000E-6,0.0,
,,,-282.80000E-6,-20.0000E-3,
,,,-282.40000E-6,0.0,
,,,-281.99999E-6,0.0,
,,,-281.59999E-6,-20.0000E-3,
,,,-281.20002E-6,0.0,
,,,-280.80001E-6,-20.0000E-3,
,,,-280.40001E-6,-20.0000E-3,
,,,-280.00001E-6,0.0,
,,,-279.60000E-6,-20.0000E-3,
,,,-279.20000E-6,0.0,
,,,-278.80000E-6,0.0,
,,,-278.40000E-6,-20.0000E-3,
,,,-277.99999E-6,-20.0000E-3,
,,,-277.60002E-6,0.0,
,,,-277.20002E-6,-20.0000E-3,
,,,-276.80001E-6,0.0,
,,,-276.40001E-6,-20.0000E-3,
,,,-276.00001E-6,0.0,
,,,-275.60000E-6,-20.0000E-3,
,,,-275.20000E-6,-20.0000E-3,
,,,-274.80000E-6,-20.0000E-3,
,,,-274.39999E-6,0.0,
,,,-273.99999E-6,-20.0000E-3,
,,,-273.60002E-6,-20.0000E-3,
,,,-273.20001E-6,-20.0000E-3,
,,,-272.80001E-6,-20.0000E-3,
,,,-272.40001E-6,0.0,
,,,-272.00000E-6,0.0,
,,,-271.60000E-6,-20.0000E-3,
,,,-271.20000E-6,-20.0000E-3,
,,,-270.80000E-6,-20.0000E-3,
,,,-270.39999E-6,0.0,
,,,-270.00002E-6,0.0,
,,,-269.60002E-6,-20.0000E-3,
,,,-269.20001E-6,0.0,
,,,-268.80001E-6,-20.0000E-3,
,,,-268.40001E-6,-20.0000E-3,
,,,-268.00000E-6,0.0,
,,,-267.60000E-6,0.0,
,,,-267.20000E-6,0.0,
,,,-266.79999E-6,0.0,
,,,-266.39999E-6,-20.0000E-3,
,,,-266.00002E-6,-20.0000E-3,
,,,-265.60001E-6,0.0,
,,,-265.20001E-6,-20.0000E-3,
,,,-264.80001E-6,0.0,
,,,-264.40001E-6,-20.0000E-3,
,,,-264.00000E-6,0.0,
,,,-263.60000E-6,-20.0000E-3,
,,,-263.20000E-6,-20.0000E-3,
,,,-262.79999E-6,0.0,
,,,-262.39999E-6,-20.0000E-3,
,,,-262.00002E-6,20.0000E-3,
,,,-261.60001E-6,-20.0000E-3,
,,,-261.20001E-6,0.0,
,,,-260.80001E-6,-20.0000E-3,
,,,-260.40000E-6,0.0,
,,,-260.00000E-6,0.0,
,,,-259.60000E-6,0.0,
,,,-259.19999E-6,0.0,
,,,-258.79999E-6,0.0,
,,,-258.40002E-6,0.0,
,,,-258.00001E-6,0.0,
,,,-257.60001E-6,-20.0000E-3,
,,,-257.20001E-6,-20.0000E-3,
,,,-256.80001E-6,0.0,
,,,-256.40000E-6,0.0,
,,,-256.00000E-6,0.0,
,,,-255.60000E-6,-20.0000E-3,
,,,-255.19999E-6,-20.0000E-3,
,,,-254.79999E-6,0.0,
,,,-254.40002E-6,0.0,
,,,-254.00001E-6,-20.0000E-3,
,,,-253.60001E-6,0.0,
,,,-253.20001E-6,-20.0000E-3,
,,,-252.80000E-6,-20.0000E-3,
,,,-252.40000E-6,-20.0000E-3,
,,,-252.00000E-6,-20.0000E-3,
,,,-251.59999E-6,-20.0000E-3,
,,,-251.19999E-6,0.0,
,,,-250.80002E-6,-20.0000E-3,
,,,-250.40001E-6,-20.0000E-3,
,,,-250.00001E-6,0.0,
,,,-249.60001E-6,0.0,
,,,-249.20001E-6,-20.0000E-3,
,,,-248.80000E-6,0.0,
,,,-248.40000E-6,-20.0000E-3,
,,,-248.00000E-6,-20.0000E-3,
,,,-247.59999E-6,0.0,
,,,-247.19999E-6,0.0,
,,,-246.80002E-6,-20.0000E-3,
,,,-246.40001E-6,-40.00000E-3,
,,,-246.00001E-6,-20.0000E-3,
,,,-245.60001E-6,0.0,
,,,-245.20000E-6,0.0,
,,,-244.80000E-6,20.0000E-3,
,,,-244.40000E-6,-20.0000E-3,
,,,-244.00001E-6,-20.0000E-3,
,,,-243.60001E-6,0.0,
,,,-243.20000E-6,0.0,
,,,-242.80000E-6,-20.0000E-3,
,,,-242.40000E-6,0.0,
,,,-242.00001E-6,0.0,
,,,-241.60001E-6,0.0,
,,,-241.20000E-6,0.0,
,,,-240.80000E-6,-20.0000E-3,
,,,-240.40000E-6,-20.0000E-3,
,,,-240.00001E-6,-20.0000E-3,
,,,-239.60001E-6,0.0,
,,,-239.20000E-6,0.0,
,,,-238.80000E-6,0.0,
,,,-238.40001E-6,-20.0000E-3,
,,,-238.00001E-6,0.0,
,,,-237.60000E-6,0.0,
,,,-237.20000E-6,0.0,
,,,-236.80000E-6,-20.0000E-3,
,,,-236.40001E-6,0.0,
,,,-236.00001E-6,-20.0000E-3,
,,,-235.60000E-6,-20.0000E-3,
,,,-235.20000E-6,-20.0000E-3,
,,,-234.80000E-6,-20.0000E-3,
,,,-234.40001E-6,-20.0000E-3,
,,,-234.00001E-6,0.0,
,,,-233.60000E-6,0.0,
,,,-233.20000E-6,0.0,
,,,-232.80000E-6,-20.0000E-3,
,,,-232.40001E-6,-20.0000E-3,
,,,-232.00001E-6,-20.0000E-3,
,,,-231.60000E-6,0.0,
,,,-231.20000E-6,-40.00000E-3,
,,,-230.80001E-6,-20.0000E-3,
,,,-230.40001E-6,-20.0000E-3,
,,,-230.00001E-6,-20.0000E-3,
,,,-229.60000E-6,0.0,
,,,-229.20000E-6,-20.0000E-3,
,,,-228.80001E-6,0.0,
,,,-228.40001E-6,0.0,
,,,-228.00000E-6,0.0,
,,,-227.60000E-6,-20.0000E-3,
,,,-227.20000E-6,0.0,
,,,-226.80001E-6,-20.0000E-3,
,,,-226.40001E-6,-20.0000E-3,
,,,-226.00000E-6,0.0,
,,,-225.60000E-6,-20.0000E-3,
,,,-225.20000E-6,-20.0000E-3,
,,,-224.80001E-6,-20.0000E-3,
,,,-224.40001E-6,0.0,
,,,-224.00000E-6,-20.0000E-3,
,,,-223.60000E-6,-20.0000E-3,
,,,-223.20000E-6,-20.0000E-3,
,,,-222.80001E-6,-20.0000E-3,
,,,-222.40001E-6,0.0,
,,,-222.00000E-6,0.0,
,,,-221.60000E-6,0.0,
,,,-221.20001E-6,-20.0000E-3,
,,,-220.80001E-6,0.0,
,,,-220.40000E-6,0.0,
,,,-220.00000E-6,0.0,
,,,-219.60000E-6,-20.0000E-3,
,,,-219.20001E-6,0.0,
,,,-218.80001E-6,0.0,
,,,-218.40000E-6,0.0,
,,,-218.00000E-6,-20.0000E-3,
,,,-217.60000E-6,0.0,
,,,-217.20001E-6,-20.0000E-3,
,,,-216.80001E-6,0.0,
,,,-216.40000E-6,0.0,
,,,-216.00000E-6,-20.0000E-3,
,,,-215.60000E-6,0.0,
,,,-215.20001E-6,0.0,
,,,-214.80001E-6,0.0,
,,,-214.40000E-6,-20.0000E-3,
,,,-214.00000E-6,0.0,
,,,-213.60000E-6,0.0,
,,,-213.20001E-6,-20.0000E-3,
,,,-212.80001E-6,0.0,
,,,-212.40000E-6,-20.0000E-3,
,,,-212.00000E-6,-20.0000E-3,
,,,-211.60001E-6,0.0,
,,,-211.20001E-6,-20.0000E-3,
,,,-210.80000E-6,-20.0000E-3,
,,,-210.40000E-6,0.0,
,,,-210.00000E-6,0.0,
,,,-209.60001E-6,-20.0000E-3,
,,,-209.20001E-6,-20.0000E-3,
,,,-208.80000E-6,0.0,
,,,-208.40000E-6,-20.0000E-3,
,,,-208.00000E-6,0.0,
,,,-207.60001E-6,-20.0000E-3,
,,,-207.20001E-6,-20.0000E-3,
,,,-206.80000E-6,-20.0000E-3,
,,,-206.40000E-6,-20.0000E-3,
,,,-206.00000E-6,0.0,
,,,-205.60001E-6,0.0,
,,,-205.20001E-6,0.0,
,,,-204.80000E-6,-20.0000E-3,
,,,-204.40000E-6,-20.0000E-3,
,,,-204.00001E-6,0.0,
,,,-203.60001E-6,0.0,
,,,-203.20000E-6,0.0,
,,,-202.80000E-6,0.0,
,,,-202.40000E-6,-20.0000E-3,
,,,-202.00001E-6,0.0,
,,,-201.60001E-6,-20.0000E-3,
,,,-201.20000E-6,-20.0000E-3,
,,,-200.80000E-6,0.0,
,,,-200.40000E-6,0.0,
,,,-200.00001E-6,0.0,
,,,-199.60001E-6,0.0,
,,,-199.20000E-6,-20.0000E-3,
,,,-198.80000E-6,-20.0000E-3,
,,,-198.40000E-6,0.0,
,,,-198.00001E-6,-20.0000E-3,
,,,-197.60001E-6,20.0000E-3,
,,,-197.20000E-6,-20.0000E-3,
,,,-196.80000E-6,-20.0000E-3,
,,,-196.40000E-6,-20.0000E-3,
,,,-196.00001E-6,-20.0000E-3,
,,,-195.60001E-6,-20.0000E-3,
,,,-195.20000E-6,0.0,
,,,-194.80000E-6,-20.0000E-3,
,,,-194.40001E-6,-20.0000E-3,
,,,-194.00001E-6,-20.0000E-3,
,,,-193.60000E-6,-20.0000E-3,
,,,-193.20000E-6,0.0,
,,,-192.80000E-6,-20.0000E-3,
,,,-192.40001E-6,0.0,
,,,-192.00001E-6,0.0,
,,,-191.60000E-6,-20.0000E-3,
,,,-191.20000E-6,0.0,
,,,-190.80000E-6,-20.0000E-3,
,,,-190.40001E-6,0.0,
,,,-190.00001E-6,0.0,
,,,-189.60000E-6,0.0,
,,,-189.20000E-6,0.0,
,,,-188.80000E-6,0.0,
,,,-188.40001E-6,0.0,
,,,-188.00001E-6,-20.0000E-3,
,,,-187.60000E-6,0.0,
,,,-187.20000E-6,-20.0000E-3,
,,,-186.80000E-6,-20.0000E-3,
,,,-186.40001E-6,0.0,
,,,-186.00000E-6,0.0,
,,,-185.60000E-6,0.0,
,,,-185.20000E-6,-20.0000E-3,
,,,-184.80001E-6,-20.0000E-3,
,,,-184.40001E-6,-20.0000E-3,
,,,-184.00000E-6,0.0,
,,,-183.60000E-6,-20.0000E-3,
,,,-183.20000E-6,0.0,
,,,-182.80001E-6,0.0,
,,,-182.40001E-6,0.0,
,,,-182.00000E-6,0.0,
,,,-181.60000E-6,0.0,
,,,-181.20000E-6,0.0,
,,,-180.80001E-6,-20.0000E-3,
,,,-180.40001E-6,0.0,
,,,-180.00000E-6,0.0,
,,,-179.60000E-6,-20.0000E-3,
,,,-179.20000E-6,0.0,
,,,-178.80001E-6,0.0,
,,,-178.40001E-6,0.0,
,,,-178.00000E-6,-20.0000E-3,
,,,-177.60000E-6,0.0,
,,,-177.20001E-6,-20.0000E-3,
,,,-176.80001E-6,-20.0000E-3,
,,,-176.40000E-6,-20.0000E-3,
,,,-176.00000E-6,-20.0000E-3,
,,,-175.60000E-6,0.0,
,,,-175.20001E-6,0.0,
,,,-174.80001E-6,-20.0000E-3,
,,,-174.40000E-6,0.0,
,,,-174.00000E-6,0.0,
,,,-173.60000E-6,-20.0000E-3,
,,,-173.20001E-6,0.0,
,,,-172.80001E-6,-20.0000E-3,
,,,-172.40000E-6,-20.0000E-3,
,,,-172.00000E-6,0.0,
,,,-171.60000E-6,0.0,
,,,-171.20001E-6,-20.0000E-3,
,,,-170.80001E-6,0.0,
,,,-170.40000E-6,-20.0000E-3,
,,,-170.00000E-6,-20.0000E-3,
,,,-169.60000E-6,0.0,
,,,-169.20001E-6,-20.0000E-3,
,,,-168.80000E-6,0.0,
,,,-168.40000E-6,0.0,
,,,-168.00000E-6,-20.0000E-3,
,,,-167.60001E-6,-20.0000E-3,
,,,-167.20001E-6,-20.0000E-3,
,,,-166.80000E-6,-20.0000E-3,
,,,-166.40000E-6,0.0,
,,,-166.00000E-6,0.0,
,,,-165.60001E-6,0.0,
,,,-165.20001E-6,-20.0000E-3,
,,,-164.80000E-6,-20.0000E-3,
,,,-164.40000E-6,0.0,
,,,-164.00000E-6,0.0,
,,,-163.60001E-6,-20.0000E-3,
,,,-163.20001E-6,-20.0000E-3,
,,,-162.80000E-6,0.0,
,,,-162.40000E-6,0.0,
,,,-162.00000E-6,-20.0000E-3,
,,,-161.60001E-6,-20.0000E-3,
,,,-161.20001E-6,-20.0000E-3,
,,,-160.80000E-6,0.0,
,,,-160.40000E-6,0.0,
,,,-160.00000E-6,-20.0000E-3,
,,,-159.60001E-6,0.0,
,,,-159.20000E-6,-20.0000E-3,
,,,-158.80000E-6,0.0,
,,,-158.40000E-6,-20.0000E-3,
,,,-158.00001E-6,0.0,
,,,-157.60001E-6,0.0,
,,,-157.20000E-6,-20.0000E-3,
,,,-156.80000E-6,-20.0000E-3,
,,,-156.40000E-6,0.0,
,,,-156.00001E-6,0.0,
,,,-155.60001E-6,0.0,
,,,-155.20000E-6,-20.0000E-3,
,,,-154.80000E-6,-20.0000E-3,
,,,-154.40000E-6,-20.0000E-3,
,,,-154.00001E-6,0.0,
,,,-153.60001E-6,0.0,
,,,-153.20000E-6,-20.0000E-3,
,,,-152.80000E-6,0.0,
,,,-152.40000E-6,0.0,
,,,-152.00001E-6,-20.0000E-3,
,,,-151.60000E-6,0.0,
,,,-151.20000E-6,0.0,
,,,-150.80000E-6,-20.0000E-3,
,,,-150.40001E-6,0.0,
,,,-150.00001E-6,0.0,
,,,-149.60000E-6,-20.0000E-3,
,,,-149.20000E-6,0.0,
,,,-148.80000E-6,0.0,
,,,-148.4000E-6,0.0,
,,,-148.0000E-6,0.0,
,,,-147.6000E-6,0.0,
,,,-147.2000E-6,0.0,
,,,-146.8000E-6,-20.0000E-3,
,,,-146.4000E-6,-20.0000E-3,
,,,-146.0000E-6,0.0,
,,,-145.6000E-6,-20.0000E-3,
,,,-145.2000E-6,0.0,
,,,-144.8000E-6,-20.0000E-3,
,,,-144.4000E-6,-20.0000E-3,
,,,-144.0000E-6,-20.0000E-3,
,,,-143.6000E-6,0.0,
,,,-143.2000E-6,0.0,
,,,-142.8000E-6,-20.0000E-3,
,,,-142.4000E-6,0.0,
,,,-142.0000E-6,-20.0000E-3,
,,,-141.6000E-6,0.0,
,,,-141.2000E-6,-20.0000E-3,
,,,-140.8000E-6,0.0,
,,,-140.4000E-6,-20.0000E-3,
,,,-140.0000E-6,-20.0000E-3,
,,,-139.6000E-6,0.0,
,,,-139.2000E-6,0.0,
,,,-138.8000E-6,0.0,
,,,-138.4000E-6,-20.0000E-3,
,,,-138.0000E-6,0.0,
,,,-137.6000E-6,0.0,
,,,-137.2000E-6,0.0,
,,,-136.8000E-6,-20.0000E-3,
,,,-136.4000E-6,-20.0000E-3,
,,,-136.0000E-6,0.0,
,,,-135.6000E-6,-20.0000E-3,
,,,-135.2000E-6,-20.0000E-3,
,,,-134.8000E-6,0.0,
,,,-134.4000E-6,-20.0000E-3,
,,,-134.0000E-6,-20.0000E-3,
,,,-133.6000E-6,0.0,
,,,-133.2000E-6,-20.0000E-3,
,,,-132.8000E-6,-20.0000E-3,
,,,-132.4000E-6,0.0,
,,,-132.0000E-6,0.0,
,,,-131.6000E-6,-20.0000E-3,
,,,-131.2000E-6,0.0,
,,,-130.8000E-6,0.0,
,,,-130.4000E-6,-20.0000E-3,
,,,-130.0000E-6,0.0,
,,,-129.6000E-6,0.0,
,,,-129.2000E-6,-20.0000E-3,
,,,-128.8000E-6,-20.0000E-3,
,,,-128.4000E-6,-20.0000E-3,
,,,-128.0000E-6,0.0,
,,,-127.6000E-6,-40.00000E-3,
,,,-127.2000E-6,0.0,
,,,-126.8000E-6,0.0,
,,,-126.4000E-6,0.0,
,,,-126.0000E-6,0.0,
,,,-125.6000E-6,-20.0000E-3,
,,,-125.2000E-6,-20.0000E-3,
,,,-124.8000E-6,0.0,
,,,-124.4000E-6,-20.0000E-3,
,,,-124.0000E-6,-20.0000E-3,
,,,-123.6000E-6,-20.0000E-3,
,,,-123.2000E-6,0.0,
,,,-122.8000E-6,-20.0000E-3,
,,,-122.4000E-6,-20.0000E-3,
,,,-122.0000E-6,-20.0000E-3,
,,,-121.6000E-6,-20.0000E-3,
,,,-121.2000E-6,-20.0000E-3,
,,,-120.8000E-6,0.0,
,,,-120.4000E-6,-20.0000E-3,
,,,-120.0000E-6,-20.0000E-3,
,,,-119.6000E-6,-20.0000E-3,
,,,-119.2000E-6,0.0,
,,,-118.8000E-6,-20.0000E-3,
,,,-118.4000E-6,0.0,
,,,-118.0000E-6,-20.0000E-3,
,,,-117.6000E-6,-20.0000E-3,
,,,-117.2000E-6,0.0,
,,,-116.8000E-6,0.0,
,,,-116.4000E-6,-20.0000E-3,
,,,-116.0000E-6,0.0,
,,,-115.6000E-6,-20.0000E-3,
,,,-115.2000E-6,-20.0000E-3,
,,,-114.8000E-6,0.0,
,,,-114.4000E-6,-20.0000E-3,
,,,-114.0000E-6,0.0,
,,,-113.6000E-6,-20.0000E-3,
,,,-113.2000E-6,0.0,
,,,-112.8000E-6,0.0,
,,,-112.4000E-6,-20.0000E-3,
,,,-112.0000E-6,0.0,
,,,-111.6000E-6,0.0,
,,,-111.2000E-6,-20.0000E-3,
,,,-110.8000E-6,0.0,
,,,-110.4000E-6,0.0,
,,,-110.0000E-6,-20.0000E-3,
,,,-109.6000E-6,-20.0000E-3,
,,,-109.2000E-6,0.0,
,,,-108.8000E-6,-20.0000E-3,
,,,-108.4000E-6,-20.0000E-3,
,,,-108.0000E-6,-20.0000E-3,
,,,-107.6000E-6,0.0,
,,,-107.2000E-6,0.0,
,,,-106.8000E-6,0.0,
,,,-106.4000E-6,0.0,
,,,-106.0000E-6,-20.0000E-3,
,,,-105.6000E-6,-20.0000E-3,
,,,-105.2000E-6,-20.0000E-3,
,,,-104.8000E-6,-20.0000E-3,
,,,-104.4000E-6,-20.0000E-3,
,,,-104.0000E-6,-20.0000E-3,
,,,-103.6000E-6,0.0,
,,,-103.2000E-6,-20.0000E-3,
,,,-102.8000E-6,0.0,
,,,-102.4000E-6,0.0,
,,,-102.0000E-6,-20.0000E-3,
,,,-101.6000E-6,0.0,
,,,-101.2000E-6,0.0,
,,,-100.8000E-6,-20.0000E-3,
,,,-100.4000E-6,-20.0000E-3,
,,,-100.0000E-6,0.0,
,,,-99.600002E-6,0.0,
,,,-99.200006E-6,0.0,
,,,-98.800003E-6,0.0,
,,,-98.400000E-6,0.0,
,,,-98.000004E-6,0.0,
,,,-97.600001E-6,0.0,
,,,-97.200005E-6,-20.0000E-3,
,,,-96.800002E-6,0.0,
,,,-96.399999E-6,-20.0000E-3,
,,,-96.000003E-6,0.0,
,,,-95.600000E-6,-20.0000E-3,
,,,-95.200005E-6,0.0,
,,,-94.800002E-6,0.0,
,,,-94.400006E-6,-20.0000E-3,
,,,-94.000003E-6,0.0,
,,,-93.600000E-6,-20.0000E-3,
,,,-93.200004E-6,0.0,
,,,-92.800001E-6,-20.0000E-3,
,,,-92.400005E-6,-20.0000E-3,
,,,-92.000002E-6,-20.0000E-3,
,,,-91.599999E-6,0.0,
,,,-91.200003E-6,0.0,
,,,-90.800000E-6,-20.0000E-3,
,,,-90.400004E-6,0.0,
,,,-90.000001E-6,-20.0000E-3,
,,,-89.600006E-6,-20.0000E-3,
,,,-89.200003E-6,0.0,
,,,-88.800000E-6,0.0,
,,,-88.400004E-6,0.0,
,,,-88.000001E-6,-40.00000E-3,
,,,-87.600005E-6,-20.0000E-3,
,,,-87.200002E-6,0.0,
,,,-86.799999E-6,0.0,
,,,-86.400003E-6,0.0,
,,,-86.000000E-6,0.0,
,,,-85.600004E-6,-20.0000E-3,
,,,-85.200001E-6,0.0,
,,,-84.800005E-6,0.0,
,,,-84.400002E-6,0.0,
,,,-83.999999E-6,0.0,
,,,-83.600004E-6,0.0,
,,,-83.200001E-6,0.0,
,,,-82.800005E-6,0.0,
,,,-82.400002E-6,0.0,
,,,-81.999999E-6,0.0,
,,,-81.600003E-6,-20.0000E-3,
,,,-81.200000E-6,0.0,
,,,-80.800004E-6,0.0,
,,,-80.400001E-6,-20.0000E-3,
,,,-80.000005E-6,-20.0000E-3,
,,,-79.600002E-6,0.0,
,,,-79.199999E-6,-20.0000E-3,
,,,-78.800003E-6,0.0,
,,,-78.400000E-6,-20.0000E-3,
,,,-78.000005E-6,-20.0000E-3,
,,,-77.600002E-6,-20.0000E-3,
,,,-77.200006E-6,-20.0000E-3,
,,,-76.800003E-6,-20.0000E-3,
,,,-76.400000E-6,-20.0000E-3,
,,,-76.000004E-6,-20.0000E-3,
,,,-75.600001E-6,0.0,
,,,-75.200005E-6,-20.0000E-3,
,,,-74.800002E-6,-20.0000E-3,
,,,-74.399999E-6,0.0,
,,,-74.000003E-6,-20.0000E-3,
,,,-73.600000E-6,0.0,
,,,-73.200004E-6,0.0,
,,,-72.800001E-6,-20.0000E-3,
,,,-72.400006E-6,0.0,
,,,-72.000003E-6,0.0,
,,,-71.600000E-6,-20.0000E-3,
,,,-71.200004E-6,0.0,
,,,-70.800001E-6,0.0,
,,,-70.400005E-6,0.0,
,,,-70.000002E-6,0.0,
,,,-69.599999E-6,0.0,
,,,-69.200003E-6,-20.0000E-3,
,,,-68.800000E-6,0.0,
,,,-68.400004E-6,-20.0000E-3,
,,,-68.000001E-6,-20.0000E-3,
,,,-67.600005E-6,0.0,
,,,-67.200002E-6,0.0,
,,,-66.799999E-6,0.0,
,,,-66.400004E-6,-20.0000E-3,
,,,-66.000001E-6,-20.0000E-3,
,,,-65.600005E-6,-20.0000E-3,
,,,-65.200002E-6,-20.0000E-3,
,,,-64.799999E-6,-20.0000E-3,
,,,-64.400003E-6,-20.0000E-3,
,,,-64.000000E-6,0.0,
,,,-63.600004E-6,0.0,
,,,-63.200001E-6,0.0,
,,,-62.800005E-6,-20.0000E-3,
,,,-62.400002E-6,0.0,
,,,-61.999999E-6,0.0,
,,,-61.600003E-6,-20.0000E-3,
,,,-61.200000E-6,0.0,
,,,-60.800001E-6,-20.0000E-3,
,,,-60.400002E-6,0.0,
,,,-60.000002E-6,0.0,
,,,-59.600003E-6,-20.0000E-3,
,,,-59.200003E-6,0.0,
,,,-58.800000E-6,-20.0000E-3,
,,,-58.400001E-6,0.0,
,,,-58.000001E-6,0.0,
,,,-57.600002E-6,-20.0000E-3,
,,,-57.200003E-6,-20.0000E-3,
,,,-56.800003E-6,0.0,
,,,-56.400000E-6,-20.0000E-3,
,,,-56.000001E-6,-20.0000E-3,
,,,-55.600001E-6,0.0,
,,,-55.200002E-6,0.0,
,,,-54.800003E-6,0.0,
,,,-54.40000E-6,0.0,
,,,-54.00000E-6,-20.0000E-3,
,,,-53.60000E-6,0.0,
,,,-53.20000E-6,0.0,
,,,-52.80000E-6,-20.0000E-3,
,,,-52.40000E-6,-20.0000E-3,
,,,-52.00000E-6,0.0,
,,,-51.60000E-6,0.0,
,,,-51.20000E-6,0.0,
,,,-50.80000E-6,0.0,
,,,-50.40000E-6,-20.0000E-3,
,,,-50.00000E-6,-20.0000E-3,
,,,-49.60000E-6,0.0,
,,,-49.20000E-6,-20.0000E-3,
,,,-48.80000E-6,0.0,
,,,-48.40000E-6,-40.00000E-3,
,,,-48.00000E-6,0.0,
,,,-47.60000E-6,0.0,
,,,-47.20000E-6,0.0,
,,,-46.80000E-6,0.0,
,,,-46.40000E-6,-20.0000E-3,
,,,-46.00000E-6,-20.0000E-3,
,,,-45.60000E-6,0.0,
,,,-45.20000E-6,0.0,
,,,-44.80000E-6,0.0,
,,,-44.40000E-6,0.0,
,,,-44.00000E-6,0.0,
,,,-43.60000E-6,-20.0000E-3,
,,,-43.20000E-6,-20.0000E-3,
,,,-42.80000E-6,-20.0000E-3,
,,,-42.40000E-6,0.0,
,,,-42.00000E-6,0.0,
,,,-41.60000E-6,0.0,
,,,-41.20000E-6,-20.0000E-3,
,,,-40.80000E-6,0.0,
,,,-40.40000E-6,-20.0000E-3,
,,,-40.00000E-6,0.0,
,,,-39.60000E-6,-20.0000E-3,
,,,-39.20000E-6,0.0,
,,,-38.80000E-6,0.0,
,,,-38.40000E-6,-20.0000E-3,
,,,-38.00000E-6,-20.0000E-3,
,,,-37.60000E-6,-20.0000E-3,
,,,-37.20000E-6,-20.0000E-3,
,,,-36.80000E-6,0.0,
,,,-36.40000E-6,-20.0000E-3,
,,,-36.00000E-6,0.0,
,,,-35.60000E-6,0.0,
,,,-35.20000E-6,-20.0000E-3,
,,,-34.80000E-6,-20.0000E-3,
,,,-34.40000E-6,0.0,
,,,-34.00000E-6,0.0,
,,,-33.60000E-6,0.0,
,,,-33.20000E-6,-20.0000E-3,
,,,-32.80000E-6,0.0,
,,,-32.40000E-6,0.0,
,,,-32.00000E-6,0.0,
,,,-31.60000E-6,0.0,
,,,-31.20000E-6,0.0,
,,,-30.80000E-6,0.0,
,,,-30.40000E-6,0.0,
,,,-30.00000E-6,0.0,
,,,-29.60000E-6,-20.0000E-3,
,,,-29.20000E-6,0.0,
,,,-28.80000E-6,-20.0000E-3,
,,,-28.40000E-6,-20.0000E-3,
,,,-28.00000E-6,-20.0000E-3,
,,,-27.60000E-6,0.0,
,,,-27.20000E-6,-20.0000E-3,
,,,-26.80000E-6,-20.0000E-3,
,,,-26.40000E-6,0.0,
,,,-26.00000E-6,0.0,
,,,-25.60000E-6,-20.0000E-3,
,,,-25.20000E-6,-20.0000E-3,
,,,-24.80000E-6,0.0,
,,,-24.40000E-6,0.0,
,,,-24.00000E-6,0.0,
,,,-23.60000E-6,0.0,
,,,-23.20000E-6,-20.0000E-3,
,,,-22.80000E-6,0.0,
,,,-22.40000E-6,0.0,
,,,-22.00000E-6,0.0,
,,,-21.60000E-6,-20.0000E-3,
,,,-21.20000E-6,-20.0000E-3,
,,,-20.80000E-6,0.0,
,,,-20.40000E-6,0.0,
,,,-20.0000E-6,-20.0000E-3,
,,,-19.6000E-6,-20.0000E-3,
,,,-19.2000E-6,0.0,
,,,-18.8000E-6,-20.0000E-3,
,,,-18.4000E-6,0.0,
,,,-18.0000E-6,-20.0000E-3,
,,,-17.6000E-6,-20.0000E-3,
,,,-17.2000E-6,0.0,
,,,-16.8000E-6,-20.0000E-3,
,,,-16.4000E-6,-20.0000E-3,
,,,-16.0000E-6,0.0,
,,,-15.6000E-6,0.0,
,,,-15.2000E-6,0.0,
,,,-14.8000E-6,0.0,
,,,-14.4000E-6,0.0,
,,,-14.0000E-6,0.0,
,,,-13.6000E-6,0.0,
,,,-13.2000E-6,-20.0000E-3,
,,,-12.8000E-6,0.0,
,,,-12.4000E-6,0.0,
,,,-12.0000E-6,0.0,
,,,-11.6000E-6,-20.0000E-3,
,,,-11.2000E-6,-20.0000E-3,
,,,-10.8000E-6,-20.0000E-3,
,,,-10.4000E-6,-40.00000E-3,
,,,-10.0000E-6,0.0,
,,,-9.600001E-6,-20.0000E-3,
,,,-9.200001E-6,-20.0000E-3,
,,,-8.800002E-6,-20.0000E-3,
,,,-8.400001E-6,0.0,
,,,-8.000001E-6,-20.0000E-3,
,,,-7.600001E-6,0.0,
,,,-7.20000E-6,0.0,
,,,-6.80000E-6,-20.0000E-3,
,,,-6.40000E-6,0.0,
,,,-6.00000E-6,0.0,
,,,-5.60000E-6,0.0,
,,,-5.20000E-6,-20.0000E-3,
,,,-4.80000E-6,0.0,
,,,-4.40000E-6,0.0,
,,,-4.00000E-6,-20.0000E-3,
,,,-3.60000E-6,-20.0000E-3,
,,,-3.20000E-6,-20.0000E-3,
,,,-2.80000E-6,-20.0000E-3,
,,,-2.4000E-6,-20.0000E-3,
,,,-2.0000E-6,0.0,
,,,-1.6000E-6,0.0,
,,,-1.2000E-6,0.0,
,,,-800.001260E-9,-20.0000E-3,
,,,-400.00126E-9,20.0000E-3,
,,,-1.2506E-12,0.0,
,,,399.99875E-9,20.0000E-3,
,,,799.998759E-9,0.0,
,,,1.2000E-6,0.0,
,,,1.6000E-6,-20.0000E-3,
,,,2.0000E-6,-20.0000E-3,
,,,2.4000E-6,-20.0000E-3,
,,,2.80000E-6,0.0,
,,,3.20000E-6,-20.0000E-3,
,,,3.60000E-6,-20.0000E-3,
,,,4.00000E-6,-20.0000E-3,
,,,4.40000E-6,-20.0000E-3,
,,,4.80000E-6,0.0,
,,,5.20000E-6,0.0,
,,,5.60000E-6,0.0,
,,,6.00000E-6,0.0,
,,,6.40000E-6,-20.0000E-3,
,,,6.80000E-6,0.0,
,,,7.20000E-6,0.0,
,,,7.599999E-6,-20.0000E-3,
,,,7.999999E-6,0.0,
,,,8.399998E-6,0.0,
,,,8.799999E-6,0.0,
,,,9.199999E-6,0.0,
,,,9.599999E-6,0.0,
,,,9.999999E-6,-20.0000E-3,
,,,10.4000E-6,0.0,
,,,10.8000E-6,-20.0000E-3,
,,,11.2000E-6,-20.0000E-3,
,,,11.6000E-6,-20.0000E-3,
,,,12.0000E-6,-20.0000E-3,
,,,12.4000E-6,0.0,
,,,12.8000E-6,-20.0000E-3,
,,,13.2000E-6,0.0,
,,,13.6000E-6,-20.0000E-3,
,,,14.0000E-6,-20.0000E-3,
,,,14.4000E-6,-20.0000E-3,
,,,14.8000E-6,-20.0000E-3,
,,,15.2000E-6,0.0,
,,,15.6000E-6,-20.0000E-3,
,,,16.0000E-6,0.0,
,,,16.4000E-6,-20.0000E-3,
,,,16.8000E-6,0.0,
,,,17.2000E-6,0.0,
,,,17.6000E-6,-20.0000E-3,
,,,18.0000E-6,-20.0000E-3,
,,,18.4000E-6,0.0,
,,,18.8000E-6,0.0,
,,,19.2000E-6,0.0,
,,,19.6000E-6,-20.0000E-3,
,,,20.0000E-6,-20.0000E-3,
,,,20.40000E-6,0.0,
,,,20.80000E-6,-20.0000E-3,
,,,21.20000E-6,0.0,
,,,21.60000E-6,0.0,
,,,22.00000E-6,-20.0000E-3,
,,,22.40000E-6,0.0,
,,,22.80000E-6,-20.0000E-3,
,,,23.20000E-6,-20.0000E-3,
,,,23.60000E-6,0.0,
,,,24.00000E-6,0.0,
,,,24.40000E-6,-20.0000E-3,
,,,24.80000E-6,0.0,
,,,25.20000E-6,-20.0000E-3,
,,,25.60000E-6,0.0,
,,,26.00000E-6,0.0,
,,,26.40000E-6,-20.0000E-3,
,,,26.80000E-6,-20.0000E-3,
,,,27.20000E-6,0.0,
,,,27.60000E-6,0.0,
,,,28.00000E-6,-20.0000E-3,
,,,28.40000E-6,0.0,
,,,28.80000E-6,-20.0000E-3,
,,,29.20000E-6,-20.0000E-3,
,,,29.60000E-6,-20.0000E-3,
,,,30.00000E-6,0.0,
,,,30.40000E-6,0.0,
,,,30.80000E-6,-40.00000E-3,
,,,31.20000E-6,-20.0000E-3,
,,,31.60000E-6,-20.0000E-3,
,,,32.00000E-6,0.0,
,,,32.40000E-6,0.0,
,,,32.80000E-6,-20.0000E-3,
,,,33.20000E-6,-20.0000E-3,
,,,33.60000E-6,0.0,
,,,34.00000E-6,-20.0000E-3,
,,,34.40000E-6,0.0,
,,,34.80000E-6,-20.0000E-3,
,,,35.20000E-6,0.0,
,,,35.60000E-6,0.0,
,,,36.00000E-6,0.0,
,,,36.40000E-6,-20.0000E-3,
,,,36.80000E-6,0.0,
,,,37.20000E-6,-20.0000E-3,
,,,37.60000E-6,0.0,
,,,38.00000E-6,0.0,
,,,38.40000E-6,0.0,
,,,38.80000E-6,-20.0000E-3,
,,,39.20000E-6,0.0,
,,,39.60000E-6,0.0,
,,,40.00000E-6,0.0,
,,,40.40000E-6,0.0,
,,,40.80000E-6,-20.0000E-3,
,,,41.20000E-6,-20.0000E-3,
,,,41.60000E-6,-20.0000E-3,
,,,42.00000E-6,-20.0000E-3,
,,,42.40000E-6,0.0,
,,,42.80000E-6,-20.0000E-3,
,,,43.20000E-6,-20.0000E-3,
,,,43.60000E-6,-20.0000E-3,
,,,44.00000E-6,0.0,
,,,44.40000E-6,-20.0000E-3,
,,,44.80000E-6,0.0,
,,,45.20000E-6,0.0,
,,,45.60000E-6,0.0,
,,,46.00000E-6,-40.00000E-3,
,,,46.40000E-6,0.0,
,,,46.80000E-6,0.0,
,,,47.20000E-6,-20.0000E-3,
,,,47.60000E-6,-20.0000E-3,
,,,48.00000E-6,0.0,
,,,48.40000E-6,0.0,
,,,48.80000E-6,0.0,
,,,49.20000E-6,0.0,
,,,49.60000E-6,-20.0000E-3,
,,,50.00000E-6,0.0,
,,,50.40000E-6,0.0,
,,,50.80000E-6,0.0,
,,,51.20000E-6,-20.0000E-3,
,,,51.60000E-6,-20.0000E-3,
,,,52.00000E-6,-20.0000E-3,
,,,52.40000E-6,-20.0000E-3,
,,,52.80000E-6,0.0,
,,,53.20000E-6,0.0,
,,,53.60000E-6,-20.0000E-3,
,,,54.00000E-6,-20.0000E-3,
,,,54.40000E-6,-20.0000E-3,
,,,54.799999E-6,-20.0000E-3,
,,,55.199998E-6,-20.0000E-3,
,,,55.599998E-6,0.0,
,,,56.000001E-6,-20.0000E-3,
,,,56.400000E-6,0.0,
,,,56.800000E-6,-20.0000E-3,
,,,57.199999E-6,-20.0000E-3,
,,,57.599998E-6,0.0,
,,,57.999998E-6,0.0,
,,,58.400001E-6,0.0,
,,,58.800000E-6,0.0,
,,,59.200000E-6,-20.0000E-3,
,,,59.599999E-6,0.0,
,,,59.999998E-6,0.0,
,,,60.399998E-6,0.0,
,,,60.800001E-6,0.0,
,,,61.200000E-6,-20.0000E-3,
,,,61.599996E-6,-20.0000E-3,
,,,61.999999E-6,0.0,
,,,62.400002E-6,-20.0000E-3,
,,,62.799998E-6,-20.0000E-3,
,,,63.200001E-6,0.0,
,,,63.599997E-6,0.0,
,,,64.000000E-6,-20.0000E-3,
,,,64.400003E-6,0.0,
,,,64.799999E-6,-20.0000E-3,
,,,65.200002E-6,0.0,
,,,65.599997E-6,0.0,
,,,66.000001E-6,-20.0000E-3,
,,,66.399996E-6,-20.0000E-3,
,,,66.799999E-6,0.0,
,,,67.200002E-6,-20.0000E-3,
,,,67.599998E-6,-20.0000E-3,
,,,68.000001E-6,0.0,
,,,68.399997E-6,-20.0000E-3,
,,,68.800000E-6,-20.0000E-3,
,,,69.200003E-6,0.0,
,,,69.599999E-6,-20.0000E-3,
,,,70.000002E-6,0.0,
,,,70.399998E-6,-20.0000E-3,
,,,70.800001E-6,0.0,
,,,71.199996E-6,0.0,
,,,71.600000E-6,0.0,
,,,72.000003E-6,0.0,
,,,72.399998E-6,-20.0000E-3,
,,,72.800001E-6,-20.0000E-3,
,,,73.199997E-6,0.0,
,,,73.600000E-6,0.0,
,,,74.000003E-6,-20.0000E-3,
,,,74.399999E-6,0.0,
,,,74.800002E-6,0.0,
,,,75.199998E-6,0.0,
,,,75.600001E-6,-20.0000E-3,
,,,75.999997E-6,-20.0000E-3,
,,,76.400000E-6,-20.0000E-3,
,,,76.800003E-6,-20.0000E-3,
,,,77.199998E-6,0.0,
,,,77.600002E-6,0.0,
,,,77.999997E-6,0.0,
,,,78.400000E-6,-20.0000E-3,
,,,78.799996E-6,0.0,
,,,79.199999E-6,0.0,
,,,79.600002E-6,0.0,
,,,79.999998E-6,0.0,
,,,80.400001E-6,-20.0000E-3,
,,,80.799997E-6,-20.0000E-3,
,,,81.200000E-6,-20.0000E-3,
,,,81.600003E-6,0.0,
,,,81.999999E-6,0.0,
,,,82.400002E-6,-20.0000E-3,
,,,82.799997E-6,-20.0000E-3,
,,,83.200001E-6,-20.0000E-3,
,,,83.599996E-6,-20.0000E-3,
,,,83.999999E-6,-20.0000E-3,
,,,84.400002E-6,-20.0000E-3,
,,,84.799998E-6,0.0,
,,,85.200001E-6,-20.0000E-3,
,,,85.599997E-6,-20.0000E-3,
,,,86.000000E-6,0.0,
,,,86.400003E-6,-20.0000E-3,
,,,86.799999E-6,-20.0000E-3,
,,,87.200002E-6,0.0,
,,,87.599998E-6,0.0,
,,,88.000001E-6,0.0,
,,,88.399996E-6,0.0,
,,,88.800000E-6,0.0,
,,,89.200003E-6,-20.0000E-3,
,,,89.599998E-6,-20.0000E-3,
,,,90.000001E-6,0.0,
,,,90.399997E-6,-20.0000E-3,
,,,90.800000E-6,0.0,
,,,91.200003E-6,0.0,
,,,91.599999E-6,-20.0000E-3,
,,,92.000002E-6,-20.0000E-3,
,,,92.399998E-6,0.0,
,,,92.800001E-6,-20.0000E-3,
,,,93.199997E-6,-20.0000E-3,
,,,93.600000E-6,0.0,
,,,94.000003E-6,-20.0000E-3,
,,,94.399998E-6,0.0,
,,,94.800002E-6,0.0,
,,,95.199997E-6,-20.0000E-3,
,,,95.600000E-6,0.0,
,,,96.000003E-6,0.0,
,,,96.399999E-6,-20.0000E-3,
,,,96.800002E-6,0.0,
,,,97.199998E-6,0.0,
,,,97.600001E-6,-20.0000E-3,
,,,97.999997E-6,0.0,
,,,98.400000E-6,-20.0000E-3,
,,,98.800003E-6,-20.0000E-3,
,,,99.199999E-6,0.0,
,,,99.600002E-6,0.0,
,,,99.999997E-6,-20.0000E-3,
,,,100.4000E-6,-20.0000E-3,
,,,100.8000E-6,0.0,
,,,101.2000E-6,-20.0000E-3,
,,,101.6000E-6,0.0,
,,,102.0000E-6,0.0,
,,,102.4000E-6,-20.0000E-3,
,,,102.8000E-6,0.0,
,,,103.2000E-6,0.0,
,,,103.6000E-6,-20.0000E-3,
,,,104.0000E-6,0.0,
,,,104.4000E-6,0.0,
,,,104.8000E-6,0.0,
,,,105.2000E-6,0.0,
,,,105.6000E-6,-20.0000E-3,
,,,106.0000E-6,0.0,
,,,106.4000E-6,0.0,
,,,106.8000E-6,0.0,
,,,107.2000E-6,-20.0000E-3,
,,,107.6000E-6,0.0,
,,,108.0000E-6,-40.00000E-3,
,,,108.4000E-6,-20.0000E-3,
,,,108.8000E-6,0.0,
,,,109.2000E-6,-20.0000E-3,
,,,109.6000E-6,-20.0000E-3,
,,,110.0000E-6,-20.0000E-3,
,,,110.4000E-6,0.0,
,,,110.8000E-6,0.0,
,,,111.2000E-6,0.0,
,,,111.6000E-6,0.0,
,,,112.0000E-6,-20.0000E-3,
,,,112.4000E-6,-20.0000E-3,
,,,112.8000E-6,0.0,
,,,113.2000E-6,0.0,
,,,113.6000E-6,0.0,
,,,114.0000E-6,0.0,
,,,114.4000E-6,0.0,
,,,114.8000E-6,-20.0000E-3,
,,,115.2000E-6,-20.0000E-3,
,,,115.6000E-6,-20.0000E-3,
,,,116.0000E-6,-20.0000E-3,
,,,116.4000E-6,-20.0000E-3,
,,,116.8000E-6,20.0000E-3,
,,,117.2000E-6,-20.0000E-3,
,,,117.6000E-6,0.0,
,,,118.0000E-6,-20.0000E-3,
,,,118.4000E-6,0.0,
,,,118.8000E-6,0.0,
,,,119.2000E-6,0.0,
,,,119.6000E-6,-20.0000E-3,
,,,120.0000E-6,-20.0000E-3,
,,,120.4000E-6,-20.0000E-3,
,,,120.8000E-6,-20.0000E-3,
,,,121.2000E-6,-20.0000E-3,
,,,121.6000E-6,20.0000E-3,
,,,122.0000E-6,-20.0000E-3,
,,,122.4000E-6,-20.0000E-3,
,,,122.8000E-6,-20.0000E-3,
,,,123.2000E-6,-20.0000E-3,
,,,123.6000E-6,-20.0000E-3,
,,,124.0000E-6,0.0,
,,,124.4000E-6,0.0,
,,,124.8000E-6,-20.0000E-3,
,,,125.2000E-6,-20.0000E-3,
,,,125.6000E-6,-20.0000E-3,
,,,126.0000E-6,0.0,
,,,126.4000E-6,-20.0000E-3,
,,,126.8000E-6,0.0,
,,,127.2000E-6,-20.0000E-3,
,,,127.6000E-6,0.0,
,,,128.0000E-6,0.0,
,,,128.4000E-6,0.0,
,,,128.8000E-6,-20.0000E-3,
,,,129.2000E-6,0.0,
,,,129.6000E-6,0.0,
,,,130.0000E-6,-20.0000E-3,
,,,130.4000E-6,-20.0000E-3,
,,,130.8000E-6,0.0,
,,,131.2000E-6,0.0,
,,,131.6000E-6,-20.0000E-3,
,,,132.0000E-6,0.0,
,,,132.4000E-6,-20.0000E-3,
,,,132.8000E-6,-20.0000E-3,
,,,133.2000E-6,0.0,
,,,133.6000E-6,-20.0000E-3,
,,,134.0000E-6,0.0,
,,,134.4000E-6,-20.0000E-3,
,,,134.8000E-6,0.0,
,,,135.2000E-6,0.0,
,,,135.6000E-6,-20.0000E-3,
,,,136.0000E-6,0.0,
,,,136.4000E-6,-20.0000E-3,
,,,136.8000E-6,0.0,
,,,137.2000E-6,0.0,
,,,137.6000E-6,0.0,
,,,138.0000E-6,0.0,
,,,138.4000E-6,-20.0000E-3,
,,,138.8000E-6,-20.0000E-3,
,,,139.2000E-6,0.0,
,,,139.6000E-6,-20.0000E-3,
,,,140.0000E-6,0.0,
,,,140.4000E-6,-20.0000E-3,
,,,140.8000E-6,0.0,
,,,141.2000E-6,0.0,
,,,141.6000E-6,0.0,
,,,142.0000E-6,-20.0000E-3,
,,,142.4000E-6,0.0,
,,,142.8000E-6,0.0,
,,,143.2000E-6,0.0,
,,,143.6000E-6,0.0,
,,,144.0000E-6,0.0,
,,,144.4000E-6,-20.0000E-3,
,,,144.8000E-6,0.0,
,,,145.2000E-6,-20.0000E-3,
,,,145.6000E-6,0.0,
,,,146.0000E-6,0.0,
,,,146.4000E-6,0.0,
,,,146.8000E-6,-20.0000E-3,
,,,147.2000E-6,0.0,
,,,147.6000E-6,-20.0000E-3,
,,,148.0000E-6,-20.0000E-3,
,,,148.4000E-6,-20.0000E-3,
,,,148.80000E-6,0.0,
,,,149.20000E-6,-20.0000E-3,
,,,149.60000E-6,-20.0000E-3,
,,,150.00001E-6,0.0,
,,,150.40000E-6,0.0,
,,,150.80000E-6,-20.0000E-3,
,,,151.20000E-6,0.0,
,,,151.60000E-6,-20.0000E-3,
,,,151.99999E-6,-20.0000E-3,
,,,152.40000E-6,0.0,
,,,152.80000E-6,-20.0000E-3,
,,,153.20000E-6,-20.0000E-3,
,,,153.60001E-6,0.0,
,,,153.99999E-6,-20.0000E-3,
,,,154.40000E-6,0.0,
,,,154.80000E-6,-20.0000E-3,
,,,155.20000E-6,-20.0000E-3,
,,,155.60001E-6,-20.0000E-3,
,,,155.99999E-6,0.0,
,,,156.40000E-6,0.0,
,,,156.80000E-6,0.0,
,,,157.20000E-6,0.0,
,,,157.60001E-6,-20.0000E-3,
,,,158.00000E-6,0.0,
,,,158.40000E-6,-20.0000E-3,
,,,158.80000E-6,0.0,
,,,159.20000E-6,-20.0000E-3,
,,,159.60001E-6,-20.0000E-3,
,,,160.00000E-6,-20.0000E-3,
,,,160.40000E-6,0.0,
,,,160.80000E-6,0.0,
,,,161.20001E-6,0.0,
,,,161.59999E-6,-20.0000E-3,
,,,162.00000E-6,-20.0000E-3,
,,,162.40000E-6,0.0,
,,,162.80000E-6,0.0,
,,,163.20001E-6,-20.0000E-3,
,,,163.59999E-6,-20.0000E-3,
,,,164.00000E-6,-20.0000E-3,
,,,164.40000E-6,0.0,
,,,164.80000E-6,-20.0000E-3,
,,,165.20001E-6,0.0,
,,,165.59999E-6,0.0,
,,,166.00000E-6,-20.0000E-3,
,,,166.40000E-6,0.0,
,,,166.80000E-6,-20.0000E-3,
,,,167.20001E-6,0.0,
,,,167.60000E-6,0.0,
,,,168.00000E-6,0.0,
,,,168.40000E-6,-20.0000E-3,
,,,168.80000E-6,0.0,
,,,169.20001E-6,-20.0000E-3,
,,,169.60000E-6,0.0,
,,,170.00000E-6,0.0,
,,,170.40000E-6,-20.0000E-3,
,,,170.80001E-6,0.0,
,,,171.19999E-6,-20.0000E-3,
,,,171.60000E-6,0.0,
,,,172.00000E-6,0.0,
,,,172.40000E-6,-20.0000E-3,
,,,172.80001E-6,-20.0000E-3,
,,,173.19999E-6,-20.0000E-3,
,,,173.60000E-6,0.0,
,,,174.00000E-6,0.0,
,,,174.40000E-6,0.0,
,,,174.80001E-6,0.0,
,,,175.20000E-6,-20.0000E-3,
,,,175.60000E-6,-20.0000E-3,
,,,176.00000E-6,0.0,
,,,176.40000E-6,0.0,
,,,176.80001E-6,-20.0000E-3,
,,,177.20000E-6,0.0,
,,,177.60000E-6,-20.0000E-3,
,,,178.00000E-6,0.0,
,,,178.40001E-6,0.0,
,,,178.79999E-6,0.0,
,,,179.20000E-6,0.0,
,,,179.60000E-6,0.0,
,,,180.00000E-6,-20.0000E-3,
,,,180.40001E-6,0.0,
,,,180.79999E-6,0.0,
,,,181.20000E-6,0.0,
,,,181.60000E-6,-20.0000E-3,
,,,182.00000E-6,0.0,
,,,182.40001E-6,0.0,
,,,182.79999E-6,0.0,
,,,183.20000E-6,0.0,
,,,183.60000E-6,-20.0000E-3,
,,,184.00000E-6,-20.0000E-3,
,,,184.40001E-6,-20.0000E-3,
,,,184.80000E-6,-20.0000E-3,
,,,185.20000E-6,-20.0000E-3,
,,,185.60000E-6,0.0,
,,,186.00000E-6,0.0,
,,,186.40001E-6,-20.0000E-3,
,,,186.80000E-6,0.0,
,,,187.20000E-6,-20.0000E-3,
,,,187.60000E-6,-20.0000E-3,
,,,188.00001E-6,0.0,
,,,188.39999E-6,0.0,
,,,188.80000E-6,0.0,
,,,189.20000E-6,-40.00000E-3,
,,,189.60000E-6,0.0,
,,,190.00001E-6,0.0,
,,,190.39999E-6,-20.0000E-3,
,,,190.80000E-6,0.0,
,,,191.20000E-6,0.0,
,,,191.60000E-6,-20.0000E-3,
,,,192.00001E-6,0.0,
,,,192.40000E-6,-20.0000E-3,
,,,192.80000E-6,-20.0000E-3,
,,,193.20000E-6,-20.0000E-3,
,,,193.60000E-6,0.0,
,,,194.00001E-6,-20.0000E-3,
,,,194.40000E-6,-20.0000E-3,
,,,194.80000E-6,-20.0000E-3,
,,,195.20000E-6,0.0,
,,,195.60001E-6,-20.0000E-3,
,,,196.00001E-6,0.0,
,,,196.40000E-6,0.0,
,,,196.80000E-6,0.0,
,,,197.20000E-6,-20.0000E-3,
,,,197.60001E-6,0.0,
,,,197.99999E-6,-20.0000E-3,
,,,198.40000E-6,0.0,
,,,198.80000E-6,0.0,
,,,199.20000E-6,-20.0000E-3,
,,,199.60001E-6,-20.0000E-3,
,,,199.99999E-6,-20.0000E-3,
,,,200.40000E-6,0.0,
,,,200.80000E-6,0.0,
,,,201.20000E-6,-20.0000E-3,
,,,201.60001E-6,-20.0000E-3,
,,,202.00000E-6,-20.0000E-3,
,,,202.40000E-6,-20.0000E-3,
,,,202.80000E-6,0.0,
,,,203.20000E-6,-20.0000E-3,
,,,203.60001E-6,-20.0000E-3,
,,,204.00000E-6,0.0,
,,,204.40000E-6,-20.0000E-3,
,,,204.80000E-6,0.0,
,,,205.20001E-6,0.0,
,,,205.59999E-6,-20.0000E-3,
,,,206.00000E-6,0.0,
,,,206.40000E-6,-20.0000E-3,
,,,206.80000E-6,-20.0000E-3,
,,,207.20001E-6,-20.0000E-3,
,,,207.59999E-6,0.0,
,,,208.00000E-6,-20.0000E-3,
,,,208.40000E-6,0.0,
,,,208.80000E-6,-20.0000E-3,
,,,209.20001E-6,-20.0000E-3,
,,,209.60000E-6,0.0,
,,,210.00000E-6,-20.0000E-3,
,,,210.40000E-6,0.0,
,,,210.80000E-6,-40.00000E-3,
,,,211.20001E-6,-20.0000E-3,
,,,211.60000E-6,-20.0000E-3,
,,,212.00000E-6,0.0,
,,,212.40000E-6,-20.0000E-3,
,,,212.80001E-6,-20.0000E-3,
,,,213.20001E-6,0.0,
,,,213.60000E-6,-20.0000E-3,
,,,214.00000E-6,0.0,
,,,214.40000E-6,0.0,
,,,214.80001E-6,-20.0000E-3,
,,,215.19999E-6,-20.0000E-3,
,,,215.60000E-6,0.0,
,,,216.00000E-6,-20.0000E-3,
,,,216.40000E-6,-20.0000E-3,
,,,216.80001E-6,-20.0000E-3,
,,,217.19999E-6,-20.0000E-3,
,,,217.60000E-6,-20.0000E-3,
,,,218.00000E-6,0.0,
,,,218.40000E-6,0.0,
,,,218.80001E-6,-20.0000E-3,
,,,219.20000E-6,0.0,
,,,219.60000E-6,-20.0000E-3,
,,,220.00000E-6,0.0,
,,,220.40000E-6,0.0,
,,,220.80001E-6,-20.0000E-3,
,,,221.20000E-6,-20.0000E-3,
,,,221.60000E-6,0.0,
,,,222.00000E-6,0.0,
,,,222.40001E-6,-20.0000E-3,
,,,222.80001E-6,0.0,
,,,223.20000E-6,-20.0000E-3,
,,,223.60000E-6,-20.0000E-3,
,,,224.00000E-6,0.0,
,,,224.40001E-6,-20.0000E-3,
,,,224.79999E-6,0.0,
,,,225.20000E-6,0.0,
,,,225.60000E-6,0.0,
,,,226.00000E-6,-20.0000E-3,
,,,226.40001E-6,-20.0000E-3,
,,,226.80000E-6,-20.0000E-3,
,,,227.20000E-6,-20.0000E-3,
,,,227.60000E-6,-20.0000E-3,
,,,228.00000E-6,0.0,
,,,228.40001E-6,-20.0000E-3,
,,,228.80000E-6,-20.0000E-3,
,,,229.20000E-6,-20.0000E-3,
,,,229.60000E-6,0.0,
,,,230.00001E-6,0.0,
,,,230.40001E-6,0.0,
,,,230.80000E-6,-20.0000E-3,
,,,231.20000E-6,0.0,
,,,231.60000E-6,0.0,
,,,232.00001E-6,0.0,
,,,232.39999E-6,-20.0000E-3,
,,,232.80000E-6,0.0,
,,,233.20000E-6,0.0,
,,,233.60000E-6,0.0,
,,,234.00001E-6,-20.0000E-3,
,,,234.39999E-6,-20.0000E-3,
,,,234.80000E-6,0.0,
,,,235.20000E-6,-20.0000E-3,
,,,235.60000E-6,0.0,
,,,236.00001E-6,-20.0000E-3,
,,,236.40000E-6,0.0,
,,,236.80000E-6,-20.0000E-3,
,,,237.20000E-6,-20.0000E-3,
,,,237.60000E-6,-20.0000E-3,
,,,238.00001E-6,0.0,
,,,238.40000E-6,-20.0000E-3,
,,,238.80000E-6,-20.0000E-3,
,,,239.20000E-6,-20.0000E-3,
,,,239.60001E-6,-20.0000E-3,
,,,240.00001E-6,-20.0000E-3,
,,,240.40000E-6,0.0,
,,,240.80000E-6,-20.0000E-3,
,,,241.20000E-6,-20.0000E-3,
,,,241.60001E-6,-20.0000E-3,
,,,241.99999E-6,-20.0000E-3,
,,,242.40000E-6,-20.0000E-3,
,,,242.80000E-6,-20.0000E-3,
,,,243.20000E-6,0.0,
,,,243.60001E-6,-20.0000E-3,
,,,244.00000E-6,-20.0000E-3,
,,,244.40000E-6,0.0,
,,,244.80000E-6,0.0,
,,,245.20000E-6,-20.0000E-3,
,,,245.60001E-6,0.0,
,,,246.00001E-6,0.0,
,,,246.40001E-6,0.0,
,,,246.79999E-6,0.0,
,,,247.19999E-6,-20.0000E-3,
,,,247.59999E-6,-20.0000E-3,
,,,248.00000E-6,0.0,
,,,248.40000E-6,-20.0000E-3,
,,,248.80000E-6,-20.0000E-3,
,,,249.20001E-6,0.0,
,,,249.60001E-6,-20.0000E-3,
,,,250.00001E-6,0.0,
,,,250.40001E-6,-20.0000E-3,
,,,250.79999E-6,-20.0000E-3,
,,,251.19999E-6,-20.0000E-3,
,,,251.59999E-6,-20.0000E-3,
,,,252.00000E-6,-20.0000E-3,
,,,252.40000E-6,-20.0000E-3,
,,,252.80000E-6,0.0,
,,,253.20001E-6,-20.0000E-3,
,,,253.60001E-6,0.0,
,,,254.00001E-6,0.0,
,,,254.40002E-6,-20.0000E-3,
,,,254.79999E-6,0.0,
,,,255.19999E-6,-20.0000E-3,
,,,255.60000E-6,0.0,
,,,256.00000E-6,-20.0000E-3,
,,,256.40000E-6,-20.0000E-3,
,,,256.80001E-6,0.0,
,,,257.20001E-6,-20.0000E-3,
,,,257.60001E-6,0.0,
,,,258.00001E-6,0.0,
,,,258.39999E-6,0.0,
,,,258.79999E-6,0.0,
,,,259.19999E-6,-20.0000E-3,
,,,259.60000E-6,0.0,
,,,260.00000E-6,0.0,
,,,260.40000E-6,-20.0000E-3,
,,,260.80001E-6,0.0,
,,,261.20001E-6,0.0,
,,,261.60001E-6,0.0,
,,,262.00002E-6,-20.0000E-3,
,,,262.39999E-6,0.0,
,,,262.79999E-6,-20.0000E-3,
,,,263.20000E-6,-20.0000E-3,
,,,263.60000E-6,-20.0000E-3,
,,,264.00000E-6,-20.0000E-3,
,,,264.40001E-6,0.0,
,,,264.80001E-6,0.0,
,,,265.20001E-6,0.0,
,,,265.60001E-6,0.0,
,,,265.99999E-6,0.0,
,,,266.39999E-6,-20.0000E-3,
,,,266.79999E-6,-20.0000E-3,
,,,267.20000E-6,0.0,
,,,267.60000E-6,-20.0000E-3,
,,,268.00000E-6,0.0,
,,,268.40001E-6,-20.0000E-3,
,,,268.80001E-6,-20.0000E-3,
,,,269.20001E-6,0.0,
,,,269.60002E-6,0.0,
,,,269.99999E-6,0.0,
,,,270.39999E-6,-20.0000E-3,
,,,270.80000E-6,-20.0000E-3,
,,,271.20000E-6,0.0,
,,,271.60000E-6,0.0,
,,,272.00000E-6,0.0,
,,,272.40001E-6,-20.0000E-3,
,,,272.80001E-6,0.0,
,,,273.20001E-6,0.0,
,,,273.59999E-6,-20.0000E-3,
,,,273.99999E-6,-20.0000E-3,
,,,274.39999E-6,0.0,
,,,274.80000E-6,0.0,
,,,275.20000E-6,0.0,
,,,275.60000E-6,-20.0000E-3,
,,,276.00001E-6,0.0,
,,,276.40001E-6,-20.0000E-3,
,,,276.80001E-6,0.0,
,,,277.20002E-6,-20.0000E-3,
,,,277.59999E-6,20.0000E-3,
,,,277.99999E-6,-20.0000E-3,
,,,278.40000E-6,-20.0000E-3,
,,,278.80000E-6,-20.0000E-3,
,,,279.20000E-6,0.0,
,,,279.60000E-6,0.0,
,,,280.00001E-6,0.0,
,,,280.40001E-6,-20.0000E-3,
,,,280.80001E-6,0.0,
,,,281.19999E-6,0.0,
,,,281.59999E-6,-20.0000E-3,
,,,281.99999E-6,0.0,
,,,282.40000E-6,-20.0000E-3,
,,,282.80000E-6,-20.0000E-3,
,,,283.20000E-6,-20.0000E-3,
,,,283.60001E-6,-20.0000E-3,
,,,284.00001E-6,0.0,
,,,284.40001E-6,0.0,
,,,284.80001E-6,-20.0000E-3,
,,,285.19999E-6,-20.0000E-3,
,,,285.59999E-6,0.0,
,,,285.99999E-6,0.0,
,,,286.40000E-6,0.0,
,,,286.80000E-6,0.0,
,,,287.20000E-6,0.0,
,,,287.60001E-6,0.0,
,,,288.00001E-6,-20.0000E-3,
,,,288.40001E-6,-20.0000E-3,
,,,288.80002E-6,-20.0000E-3,
,,,289.19999E-6,0.0,
,,,289.59999E-6,0.0,
,,,290.00000E-6,-20.0000E-3,
,,,290.40000E-6,-20.0000E-3,
,,,290.80000E-6,-20.0000E-3,
,,,291.20001E-6,0.0,
,,,291.60001E-6,-20.0000E-3,
,,,292.00001E-6,0.0,
,,,292.40001E-6,0.0,
,,,292.79999E-6,-20.0000E-3,
,,,293.19999E-6,0.0,
,,,293.59999E-6,-20.0000E-3,
,,,294.00000E-6,0.0,
,,,294.40000E-6,0.0,
,,,294.80000E-6,-20.0000E-3,
,,,295.20001E-6,0.0,
,,,295.60001E-6,-20.0000E-3,
,,,296.00001E-6,0.0,
,,,296.40002E-6,0.0,
,,,296.79999E-6,-20.0000E-3,
,,,297.19999E-6,0.0,
,,,297.60000E-6,-20.0000E-3,
,,,298.00000E-6,-20.0000E-3,
,,,298.40000E-6,-20.0000E-3,
,,,298.80001E-6,-20.0000E-3,
,,,299.20001E-6,0.0,
,,,299.60001E-6,0.0,
,,,300.00001E-6,0.0,
,,,300.39999E-6,-20.0000E-3,
,,,300.79999E-6,0.0,
,,,301.19999E-6,0.0,
,,,301.60000E-6,-20.0000E-3,
,,,302.00000E-6,0.0,
,,,302.40000E-6,0.0,
,,,302.80001E-6,-20.0000E-3,
,,,303.20001E-6,-20.0000E-3,
,,,303.60001E-6,0.0,
,,,304.00002E-6,0.0,
,,,304.39999E-6,0.0,
,,,304.79999E-6,0.0,
,,,305.20000E-6,-20.0000E-3,
,,,305.60000E-6,0.0,
,,,306.00000E-6,-20.0000E-3,
,,,306.40000E-6,-20.0000E-3,
,,,306.80001E-6,-20.0000E-3,
,,,307.20001E-6,-20.0000E-3,
,,,307.60001E-6,0.0,
,,,307.99999E-6,-20.0000E-3,
,,,308.39999E-6,-20.0000E-3,
,,,308.79999E-6,0.0,
,,,309.20000E-6,-20.0000E-3,
,,,309.60000E-6,-20.0000E-3,
,,,310.00000E-6,-20.0000E-3,
,,,310.40001E-6,-20.0000E-3,
,,,310.80001E-6,-20.0000E-3,
,,,311.20001E-6,-20.0000E-3,
,,,311.60002E-6,0.0,
,,,311.99999E-6,0.0,
,,,312.39999E-6,0.0,
,,,312.80000E-6,0.0,
,,,313.20000E-6,0.0,
,,,313.60000E-6,-20.0000E-3,
,,,314.00000E-6,0.0,
,,,314.40001E-6,-20.0000E-3,
,,,314.80001E-6,0.0,
,,,315.20001E-6,0.0,
,,,315.60002E-6,-20.0000E-3,
,,,315.99999E-6,0.0,
,,,316.39999E-6,0.0,
,,,316.80000E-6,0.0,
,,,317.20000E-6,20.0000E-3,
,,,317.60000E-6,0.0,
,,,318.00001E-6,-20.0000E-3,
,,,318.40001E-6,-20.0000E-3,
,,,318.80001E-6,-20.0000E-3,
,,,319.20001E-6,-20.0000E-3,
,,,319.59999E-6,0.0,
,,,319.99999E-6,-20.0000E-3,
,,,320.39999E-6,-20.0000E-3,
,,,320.80000E-6,-20.0000E-3,
,,,321.20000E-6,-20.0000E-3,
,,,321.60000E-6,0.0,
,,,322.00001E-6,-20.0000E-3,
,,,322.40001E-6,-20.0000E-3,
,,,322.80001E-6,0.0,
,,,323.20002E-6,-20.0000E-3,
,,,323.59999E-6,0.0,
,,,323.99999E-6,0.0,
,,,324.40000E-6,-20.0000E-3,
,,,324.80000E-6,0.0,
,,,325.20000E-6,0.0,
,,,325.60001E-6,0.0,
,,,326.00001E-6,0.0,
,,,326.40001E-6,0.0,
,,,326.80001E-6,0.0,
,,,327.19999E-6,-20.0000E-3,
,,,327.59999E-6,-20.0000E-3,
,,,327.99999E-6,-20.0000E-3,
,,,328.40000E-6,0.0,
,,,328.80000E-6,-20.0000E-3,
,,,329.20000E-6,0.0,
,,,329.60001E-6,-20.0000E-3,
,,,330.00001E-6,0.0,
,,,330.40001E-6,-20.0000E-3,
,,,330.80002E-6,0.0,
,,,331.19999E-6,-20.0000E-3,
,,,331.59999E-6,-20.0000E-3,
,,,332.00000E-6,0.0,
,,,332.40000E-6,0.0,
,,,332.80000E-6,0.0,
,,,333.20001E-6,0.0,
,,,333.60001E-6,0.0,
,,,334.00001E-6,-20.0000E-3,
,,,334.40001E-6,0.0,
,,,334.79999E-6,-20.0000E-3,
,,,335.19999E-6,-20.0000E-3,
,,,335.59999E-6,0.0,
,,,336.00000E-6,0.0,
,,,336.40000E-6,0.0,
,,,336.80000E-6,-20.0000E-3,
,,,337.20001E-6,0.0,
,,,337.60001E-6,0.0,
,,,338.00001E-6,-20.0000E-3,
,,,338.40002E-6,-20.0000E-3,
,,,338.79999E-6,0.0,
,,,339.19999E-6,0.0,
,,,339.60000E-6,0.0,
,,,340.00000E-6,-20.0000E-3,
,,,340.40000E-6,0.0,
,,,340.80000E-6,0.0,
,,,341.20001E-6,-20.0000E-3,
,,,341.60001E-6,0.0,
,,,342.00001E-6,0.0,
,,,342.40002E-6,-20.0000E-3,
,,,342.79999E-6,0.0,
,,,343.19999E-6,-20.0000E-3,
,,,343.60000E-6,-20.0000E-3,
,,,344.00000E-6,0.0,
,,,344.40000E-6,0.0,
,,,344.80001E-6,-20.0000E-3,
,,,345.20001E-6,0.0,
,,,345.60001E-6,-20.0000E-3,
,,,346.00002E-6,-20.0000E-3,
,,,346.39999E-6,0.0,
,,,346.79999E-6,-20.0000E-3,
,,,347.20000E-6,-20.0000E-3,
,,,347.60000E-6,-20.0000E-3,
,,,348.00000E-6,-20.0000E-3,
,,,348.40000E-6,0.0,
,,,348.80001E-6,-20.0000E-3,
,,,349.20001E-6,0.0,
,,,349.60001E-6,-20.0000E-3,
,,,350.00002E-6,-20.0000E-3,
,,,350.39999E-6,0.0,
,,,350.79999E-6,0.0,
,,,351.20000E-6,0.0,
,,,351.60000E-6,0.0,
,,,352.00000E-6,0.0,
,,,352.40001E-6,0.0,
,,,352.80001E-6,0.0,
,,,353.20001E-6,-20.0000E-3,
,,,353.60001E-6,0.0,
,,,353.99999E-6,-20.0000E-3,
,,,354.39999E-6,0.0,
,,,354.79999E-6,0.0,
,,,355.20000E-6,0.0,
,,,355.60000E-6,0.0,
,,,356.00000E-6,0.0,
,,,356.40001E-6,0.0,
,,,356.80001E-6,20.0000E-3,
,,,357.20001E-6,-20.0000E-3,
,,,357.60002E-6,-20.0000E-3,
,,,357.99999E-6,-20.0000E-3,
,,,358.39999E-6,-20.0000E-3,
,,,358.80000E-6,-20.0000E-3,
,,,359.20000E-6,20.0000E-3,
,,,359.60000E-6,-20.0000E-3,
,,,360.00001E-6,0.0,
,,,360.40001E-6,-20.0000E-3,
,,,360.80001E-6,-20.0000E-3,
,,,361.20001E-6,0.0,
,,,361.59999E-6,-20.0000E-3,
,,,361.99999E-6,0.0,
,,,362.39999E-6,0.0,
,,,362.80000E-6,-20.0000E-3,
,,,363.20000E-6,0.0,
,,,363.60000E-6,0.0,
,,,364.00001E-6,-20.0000E-3,
,,,364.40001E-6,-20.0000E-3,
,,,364.80001E-6,0.0,
,,,365.20002E-6,-20.0000E-3,
,,,365.59999E-6,0.0,
,,,365.99999E-6,0.0,
,,,366.40000E-6,-20.0000E-3,
,,,366.80000E-6,0.0,
,,,367.20000E-6,-20.0000E-3,
,,,367.60001E-6,-20.0000E-3,
,,,368.00001E-6,0.0,
,,,368.40001E-6,-20.0000E-3,
,,,368.80001E-6,0.0,
,,,369.20002E-6,-20.0000E-3,
,,,369.59999E-6,-20.0000E-3,
,,,369.99999E-6,-20.0000E-3,
,,,370.40000E-6,-20.0000E-3,
,,,370.80000E-6,-20.0000E-3,
,,,371.20000E-6,-20.0000E-3,
,,,371.60001E-6,0.0,
,,,372.00001E-6,0.0,
,,,372.40001E-6,0.0,
,,,372.80002E-6,-20.0000E-3,
,,,373.19999E-6,0.0,
,,,373.59999E-6,0.0,
,,,374.00000E-6,-20.0000E-3,
,,,374.40000E-6,0.0,
,,,374.80000E-6,-20.0000E-3,
,,,375.20000E-6,0.0,
,,,375.60001E-6,0.0,
,,,376.00001E-6,-20.0000E-3,
,,,376.40001E-6,-20.0000E-3,
,,,376.80002E-6,0.0,
,,,377.19999E-6,0.0,
,,,377.59999E-6,0.0,
,,,378.00000E-6,-20.0000E-3,
,,,378.40000E-6,-20.0000E-3,
,,,378.80000E-6,0.0,
,,,379.20001E-6,0.0,
,,,379.60001E-6,-20.0000E-3,
,,,380.00001E-6,0.0,
,,,380.40002E-6,0.0,
,,,380.79999E-6,-20.0000E-3,
,,,381.19999E-6,0.0,
,,,381.60000E-6,-20.0000E-3,
,,,382.00000E-6,0.0,
,,,382.40000E-6,0.0,
,,,382.80000E-6,-20.0000E-3,
,,,383.20001E-6,-20.0000E-3,
,,,383.60001E-6,0.0,
,,,384.00001E-6,0.0,
,,,384.40002E-6,-20.0000E-3,
,,,384.79999E-6,0.0,
,,,385.19999E-6,-20.0000E-3,
,,,385.60000E-6,-20.0000E-3,
,,,386.00000E-6,-20.0000E-3,
,,,386.40000E-6,0.0,
,,,386.80001E-6,-20.0000E-3,
,,,387.20001E-6,-40.00000E-3,
,,,387.60001E-6,0.0,
,,,388.00001E-6,-20.0000E-3,
,,,388.39999E-6,0.0,
,,,388.79999E-6,0.0,
,,,389.19999E-6,-20.0000E-3,
,,,389.60000E-6,-20.0000E-3,
,,,390.00000E-6,0.0,
,,,390.40000E-6,0.0,
,,,390.80001E-6,0.0,
,,,391.20001E-6,0.0,
,,,391.60001E-6,0.0,
,,,392.00002E-6,0.0,
,,,392.39999E-6,-20.0000E-3,
,,,392.79999E-6,-20.0000E-3,
,,,393.20000E-6,0.0,
,,,393.60000E-6,-20.0000E-3,
,,,394.00000E-6,0.0,
,,,394.40001E-6,0.0,
,,,394.80001E-6,-20.0000E-3,
,,,395.20001E-6,-20.0000E-3,
,,,395.60001E-6,0.0,
,,,396.00002E-6,0.0,
,,,396.39999E-6,0.0,
,,,396.79999E-6,0.0,
,,,397.20000E-6,-20.0000E-3,
,,,397.60000E-6,-20.0000E-3,
,,,398.00000E-6,-20.0000E-3,
,,,398.40001E-6,-20.0000E-3,
,,,398.80001E-6,0.0,
,,,399.20001E-6,-20.0000E-3,
,,,399.60002E-6,-20.0000E-3,
,,,399.99999E-6,0.0,
,,,400.39999E-6,-20.0000E-3,
,,,400.80000E-6,-20.0000E-3,
,,,401.20000E-6,0.0,
,,,401.60000E-6,0.0,
,,,402.00001E-6,-20.0000E-3,
,,,402.40001E-6,-20.0000E-3,
,,,402.80001E-6,0.0,
,,,403.20001E-6,0.0,
,,,403.600017E-6,-20.0000E-3,
,,,403.999991E-6,-20.0000E-3,
,,,404.399994E-6,0.0,
,,,404.799997E-6,0.0,
,,,405.200000E-6,0.0,
,,,405.600003E-6,0.0,
,,,406.000006E-6,0.0,
,,,406.400010E-6,-20.0000E-3,
,,,406.800013E-6,0.0,
,,,407.200016E-6,-20.0000E-3,
,,,407.599990E-6,0.0,
,,,407.999993E-6,0.0,
,,,408.399996E-6,-20.0000E-3,
,,,408.799999E-6,-20.0000E-3,
,,,409.200002E-6,0.0,
,,,409.600005E-6,-20.0000E-3,
,,,410.000008E-6,-20.0000E-3,
,,,410.400011E-6,-20.0000E-3,
,,,410.800014E-6,-20.0000E-3,
,,,411.200017E-6,0.0,
,,,411.599991E-6,0.0,
,,,411.999994E-6,0.0,
,,,412.399997E-6,-20.0000E-3,
,,,412.800000E-6,0.0,
,,,413.200003E-6,0.0,
,,,413.600006E-6,-20.0000E-3,
,,,414.000009E-6,0.0,
,,,414.400012E-6,-20.0000E-3,
,,,414.800015E-6,0.0,
,,,415.199989E-6,0.0,
,,,415.599992E-6,0.0,
,,,415.999995E-6,0.0,
,,,416.399998E-6,0.0,
,,,416.800001E-6,0.0,
,,,417.200004E-6,0.0,
,,,417.600007E-6,-20.0000E-3,
,,,418.000011E-6,-20.0000E-3,
,,,418.400014E-6,0.0,
,,,418.800017E-6,0.0,
,,,419.199991E-6,-20.0000E-3,
,,,419.599994E-6,0.0,
,,,419.999997E-6,-20.0000E-3,
,,,420.400000E-6,-20.0000E-3,
,,,420.800003E-6,0.0,
,,,421.200006E-6,-20.0000E-3,
,,,421.600009E-6,-20.0000E-3,
,,,422.000012E-6,0.0,
,,,422.400015E-6,-20.0000E-3,
,,,422.800018E-6,-20.0000E-3,
,,,423.199992E-6,0.0,
,,,423.599995E-6,0.0,
,,,423.999998E-6,-20.0000E-3,
,,,424.400001E-6,0.0,
,,,424.800004E-6,-20.0000E-3,
,,,425.200007E-6,-20.0000E-3,
,,,425.600010E-6,-20.0000E-3,
,,,426.000013E-6,0.0,
,,,426.400016E-6,-20.0000E-3,
,,,426.799990E-6,-20.0000E-3,
,,,427.199993E-6,0.0,
,,,427.599996E-6,0.0,
,,,427.999999E-6,0.0,
,,,428.400002E-6,0.0,
,,,428.800005E-6,-20.0000E-3,
,,,429.200009E-6,-20.0000E-3,
,,,429.600012E-6,0.0,
,,,430.000015E-6,-20.0000E-3,
,,,430.400018E-6,0.0,
,,,430.799992E-6,-20.0000E-3,
,,,431.199995E-6,0.0,
,,,431.599998E-6,0.0,
,,,432.000001E-6,-20.0000E-3,
,,,432.400004E-6,-20.0000E-3,
,,,432.800007E-6,0.0,
,,,433.200010E-6,-20.0000E-3,
,,,433.600013E-6,0.0,
,,,434.000016E-6,0.0,
,,,434.399990E-6,-20.0000E-3,
,,,434.799993E-6,-20.0000E-3,
,,,435.199996E-6,0.0,
,,,435.599999E-6,-20.0000E-3,
,,,436.000002E-6,0.0,
,,,436.400005E-6,0.0,
,,,436.800008E-6,-20.0000E-3,
,,,437.200011E-6,-20.0000E-3,
,,,437.600014E-6,-20.0000E-3,
,,,438.000017E-6,-20.0000E-3,
,,,438.399991E-6,0.0,
,,,438.799994E-6,-20.0000E-3,
,,,439.199997E-6,-20.0000E-3,
,,,439.600000E-6,0.0,
,,,440.000003E-6,-20.0000E-3,
,,,440.400006E-6,-20.0000E-3,
,,,440.800010E-6,-20.0000E-3,
,,,441.200013E-6,0.0,
,,,441.600016E-6,0.0,
,,,441.999990E-6,-20.0000E-3,
,,,442.399993E-6,0.0,
,,,442.799996E-6,0.0,
,,,443.199999E-6,0.0,
,,,443.600002E-6,0.0,
,,,444.000005E-6,-20.0000E-3,
,,,444.400008E-6,-20.0000E-3,
,,,444.800011E-6,0.0,
,,,445.200014E-6,0.0,
,,,445.600017E-6,-20.0000E-3,
,,,445.999991E-6,0.0,
,,,446.399994E-6,-20.0000E-3,
,,,446.799997E-6,-20.0000E-3,
,,,447.200000E-6,0.0,
,,,447.600003E-6,0.0,
,,,448.000006E-6,0.0,
,,,448.400009E-6,-20.0000E-3,
,,,448.800012E-6,0.0,
,,,449.200015E-6,-20.0000E-3,
,,,449.600018E-6,-20.0000E-3,
,,,449.999992E-6,-20.0000E-3,
,,,450.399995E-6,0.0,
,,,450.799998E-6,0.0,
,,,451.200001E-6,0.0,
,,,451.600004E-6,0.0,
,,,452.000007E-6,-20.0000E-3,
,,,452.400011E-6,0.0,
,,,452.800014E-6,0.0,
,,,453.200017E-6,0.0,
,,,453.599991E-6,0.0,
,,,453.999994E-6,-20.0000E-3,
,,,454.399997E-6,-20.0000E-3,
,,,454.800000E-6,0.0,
,,,455.200003E-6,-20.0000E-3,
,,,455.600006E-6,0.0,
,,,456.000009E-6,0.0,
,,,456.400012E-6,-20.0000E-3,
,,,456.800015E-6,0.0,
,,,457.200018E-6,-20.0000E-3,
,,,457.599992E-6,-20.0000E-3,
,,,457.999995E-6,-20.0000E-3,
,,,458.399998E-6,0.0,
,,,458.800001E-6,-20.0000E-3,
,,,459.200004E-6,0.0,
,,,459.600007E-6,-20.0000E-3,
,,,460.000010E-6,0.0,
,,,460.400013E-6,0.0,
,,,460.800016E-6,-20.0000E-3,
,,,461.199990E-6,-20.0000E-3,
,,,461.599993E-6,0.0,
,,,461.999996E-6,-20.0000E-3,
,,,462.399999E-6,-20.0000E-3,
,,,462.800002E-6,0.0,
,,,463.200005E-6,0.0,
,,,463.600009E-6,-20.0000E-3,
,,,464.000012E-6,0.0,
,,,464.400015E-6,-20.0000E-3,
,,,464.800018E-6,-20.0000E-3,
,,,465.199992E-6,0.0,
,,,465.599995E-6,-20.0000E-3,
,,,465.999998E-6,-20.0000E-3,
,,,466.400001E-6,-20.0000E-3,
,,,466.800004E-6,0.0,
,,,467.200007E-6,0.0,
,,,467.600010E-6,0.0,
,,,468.000013E-6,0.0,
,,,468.400016E-6,-20.0000E-3,
,,,468.799990E-6,0.0,
,,,469.199993E-6,0.0,
,,,469.599996E-6,-20.0000E-3,
,,,469.999999E-6,0.0,
,,,470.400002E-6,0.0,
,,,470.800005E-6,0.0,
,,,471.200008E-6,0.0,
,,,471.600011E-6,-20.0000E-3,
,,,472.000014E-6,-20.0000E-3,
,,,472.400017E-6,-20.0000E-3,
,,,472.799991E-6,-20.0000E-3,
,,,473.199994E-6,0.0,
,,,473.599997E-6,0.0,
,,,474.000000E-6,0.0,
,,,474.400003E-6,-20.0000E-3,
,,,474.800006E-6,0.0,
,,,475.200010E-6,-20.0000E-3,
,,,475.600013E-6,20.0000E-3,
,,,476.000016E-6,-20.0000E-3,
,,,476.400019E-6,-20.0000E-3,
,,,476.799993E-6,-20.0000E-3,
,,,477.199996E-6,-20.0000E-3,
,,,477.599999E-6,-20.0000E-3,
,,,478.000002E-6,20.0000E-3,
,,,478.400005E-6,-20.0000E-3,
,,,478.800008E-6,-20.0000E-3,
,,,479.200011E-6,-20.0000E-3,
,,,479.600014E-6,-20.0000E-3,
,,,480.000017E-6,-20.0000E-3,
,,,480.399991E-6,-20.0000E-3,
,,,480.799994E-6,0.0,
,,,481.199997E-6,0.0,
,,,481.600000E-6,-40.00000E-3,
,,,482.000003E-6,0.0,
,,,482.400006E-6,0.0,
,,,482.800009E-6,-20.0000E-3,
,,,483.200012E-6,0.0,
,,,483.600015E-6,0.0,
,,,484.000018E-6,0.0,
,,,484.399992E-6,0.0,
,,,484.799995E-6,0.0,
,,,485.199998E-6,-20.0000E-3,
,,,485.600001E-6,0.0,
,,,486.000004E-6,0.0,
,,,486.400008E-6,-20.0000E-3,
,,,486.800011E-6,0.0,
,,,487.200014E-6,-20.0000E-3,
,,,487.600017E-6,0.0,
,,,487.999991E-6,-20.0000E-3,
,,,488.399994E-6,-20.0000E-3,
,,,488.799997E-6,0.0,
,,,489.200000E-6,0.0,
,,,489.600003E-6,-20.0000E-3,
,,,490.000006E-6,-20.0000E-3,
,,,490.400009E-6,0.0,
,,,490.800012E-6,0.0,
,,,491.200015E-6,0.0,
,,,491.600018E-6,-20.0000E-3,
,,,492.000021E-6,0.0,
,,,492.400024E-6,0.0,
,,,492.800027E-6,0.0,
,,,493.200030E-6,0.0,
,,,493.600033E-6,-20.0000E-3,
,,,493.999978E-6,-20.0000E-3,
,,,494.399981E-6,0.0,
,,,494.799984E-6,-20.0000E-3,
,,,495.199987E-6,-20.0000E-3,
,,,495.599990E-6,-20.0000E-3,
,,,495.999993E-6,-20.0000E-3,
,,,496.399996E-6,0.0,
,,,496.799999E-6,-20.0000E-3,
,,,497.200002E-6,-20.0000E-3,
,,,497.600005E-6,0.0,
,,,498.000009E-6,0.0,
,,,498.400012E-6,-20.0000E-3,
,,,498.800015E-6,0.0,
,,,499.200018E-6,0.0,
,,,499.600021E-6,-20.0000E-3,
,,,500.000024E-6,0.0,
,,,500.400027E-6,-20.0000E-3,
,,,500.800030E-6,0.0,
,,,501.200033E-6,0.0,
,,,501.599978E-6,-20.0000E-3,
,,,501.999981E-6,-20.0000E-3,
,,,502.399984E-6,0.0,
,,,502.799987E-6,-20.0000E-3,
,,,503.199990E-6,-20.0000E-3,
,,,503.599993E-6,0.0,
,,,503.999996E-6,-20.0000E-3,
,,,504.399999E-6,-20.0000E-3,
,,,504.800002E-6,-20.0000E-3,
,,,505.200005E-6,-20.0000E-3,
,,,505.600008E-6,0.0,
,,,506.000011E-6,-20.0000E-3,
,,,506.400014E-6,-20.0000E-3,
,,,506.800017E-6,0.0,
,,,507.200020E-6,0.0,
,,,507.600023E-6,0.0,
,,,508.000026E-6,-20.0000E-3,
,,,508.400030E-6,-20.0000E-3,
,,,508.800033E-6,0.0,
,,,509.199977E-6,0.0,
,,,509.599980E-6,0.0,
,,,509.999983E-6,0.0,
,,,510.399987E-6,0.0,
,,,510.799990E-6,-20.0000E-3,
,,,511.199993E-6,0.0,
,,,511.599996E-6,0.0,
,,,511.999999E-6,0.0,
,,,512.400002E-6,-20.0000E-3,
,,,512.800005E-6,0.0,
,,,513.200008E-6,0.0,
,,,513.600011E-6,0.0,
,,,514.000014E-6,-20.0000E-3,
,,,514.400017E-6,0.0,
,,,514.800020E-6,-20.0000E-3,
,,,515.200023E-6,0.0,
,,,515.600026E-6,-20.0000E-3,
,,,516.000029E-6,-20.0000E-3,
,,,516.400032E-6,-20.0000E-3,
,,,516.799977E-6,-20.0000E-3,
,,,517.199980E-6,-20.0000E-3,
,,,517.599983E-6,0.0,
,,,517.999986E-6,-20.0000E-3,
,,,518.399989E-6,0.0,
,,,518.799992E-6,-20.0000E-3,
,,,519.199995E-6,-20.0000E-3,
,,,519.599998E-6,-20.0000E-3,
,,,520.000001E-6,0.0,
,,,520.400004E-6,-20.0000E-3,
,,,520.800008E-6,0.0,
,,,521.200011E-6,-40.00000E-3,
,,,521.600014E-6,0.0,
,,,522.000017E-6,0.0,
,,,522.400020E-6,-20.0000E-3,
,,,522.800023E-6,0.0,
,,,523.200026E-6,-20.0000E-3,
,,,523.600029E-6,0.0,
,,,524.000032E-6,0.0,
,,,524.399977E-6,0.0,
,,,524.799980E-6,-20.0000E-3,
,,,525.199983E-6,-20.0000E-3,
,,,525.599986E-6,-20.0000E-3,
,,,525.999989E-6,-20.0000E-3,
,,,526.399992E-6,-20.0000E-3,
,,,526.799995E-6,0.0,
,,,527.199998E-6,0.0,
,,,527.600001E-6,-20.0000E-3,
,,,528.000004E-6,0.0,
,,,528.400007E-6,-20.0000E-3,
,,,528.800010E-6,0.0,
,,,529.200013E-6,-20.0000E-3,
,,,529.600016E-6,-20.0000E-3,
,,,530.000019E-6,0.0,
,,,530.400022E-6,-20.0000E-3,
,,,530.800025E-6,0.0,
,,,531.200028E-6,0.0,
,,,531.600032E-6,-20.0000E-3,
,,,531.999976E-6,0.0,
,,,532.399979E-6,0.0,
,,,532.799982E-6,-20.0000E-3,
,,,533.199986E-6,0.0,
,,,533.599989E-6,0.0,
,,,533.999992E-6,0.0,
,,,534.399995E-6,0.0,
,,,534.799998E-6,-20.0000E-3,
,,,535.200001E-6,0.0,
,,,535.600004E-6,0.0,
,,,536.000007E-6,0.0,
,,,536.400010E-6,-20.0000E-3,
,,,536.800013E-6,-20.0000E-3,
,,,537.200016E-6,0.0,
,,,537.600019E-6,-20.0000E-3,
,,,538.000022E-6,-20.0000E-3,
,,,538.400025E-6,0.0,
,,,538.800028E-6,0.0,
,,,539.200031E-6,-20.0000E-3,
,,,539.599976E-6,0.0,
,,,539.999979E-6,0.0,
,,,540.399982E-6,-20.0000E-3,
,,,540.799985E-6,0.0,
,,,541.199988E-6,0.0,
,,,541.599991E-6,0.0,
,,,541.999994E-6,0.0,
,,,542.399997E-6,0.0,
,,,542.800000E-6,-20.0000E-3,
,,,543.200003E-6,0.0,
,,,543.600006E-6,-20.0000E-3,
,,,544.000010E-6,-20.0000E-3,
,,,544.400013E-6,-20.0000E-3,
,,,544.800016E-6,0.0,
,,,545.200019E-6,-20.0000E-3,
,,,545.600022E-6,-20.0000E-3,
,,,546.000025E-6,-20.0000E-3,
,,,546.400028E-6,0.0,
,,,546.800031E-6,0.0,
,,,547.200034E-6,0.0,
,,,547.599979E-6,-20.0000E-3,
,,,547.999982E-6,-20.0000E-3,
,,,548.399985E-6,0.0,
,,,548.799988E-6,0.0,
,,,549.199991E-6,0.0,
,,,549.599994E-6,-20.0000E-3,
,,,549.999997E-6,0.0,
,,,550.400000E-6,-20.0000E-3,
,,,550.800003E-6,0.0,
,,,551.200006E-6,-20.0000E-3,
,,,551.600009E-6,0.0,
,,,552.000012E-6,-20.0000E-3,
,,,552.400015E-6,0.0,
,,,552.800018E-6,0.0,
,,,553.200021E-6,0.0,
,,,553.600024E-6,-20.0000E-3,
,,,554.000027E-6,0.0,
,,,554.400031E-6,0.0,
,,,554.800034E-6,0.0,
,,,555.199978E-6,0.0,
,,,555.599981E-6,0.0,
,,,555.999984E-6,-20.0000E-3,
,,,556.399988E-6,-20.0000E-3,
,,,556.799991E-6,-20.0000E-3,
,,,557.199994E-6,0.0,
,,,557.599997E-6,-20.0000E-3,
,,,558.000000E-6,0.0,
,,,558.400003E-6,-20.0000E-3,
,,,558.800006E-6,-20.0000E-3,
,,,559.200009E-6,-20.0000E-3,
,,,559.600012E-6,0.0,
,,,560.000015E-6,0.0,
,,,560.400018E-6,0.0,
,,,560.800021E-6,-40.00000E-3,
,,,561.200024E-6,0.0,
,,,561.600027E-6,0.0,
,,,562.000030E-6,-20.0000E-3,
,,,562.400033E-6,-20.0000E-3,
,,,562.799978E-6,0.0,
,,,563.199981E-6,-20.0000E-3,
,,,563.599984E-6,-20.0000E-3,
,,,563.999987E-6,0.0,
,,,564.399990E-6,-20.0000E-3,
,,,564.799993E-6,-20.0000E-3,
,,,565.199996E-6,-20.0000E-3,
,,,565.599999E-6,-20.0000E-3,
,,,566.000002E-6,-20.0000E-3,
,,,566.400005E-6,0.0,
,,,566.800009E-6,0.0,
,,,567.200012E-6,-20.0000E-3,
,,,567.600015E-6,0.0,
,,,568.000018E-6,0.0,
,,,568.400021E-6,-20.0000E-3,
,,,568.800024E-6,-20.0000E-3,
,,,569.200027E-6,-20.0000E-3,
,,,569.600030E-6,0.0,
,,,570.000033E-6,0.0,
,,,570.399978E-6,0.0,
,,,570.799981E-6,-20.0000E-3,
,,,571.199984E-6,0.0,
,,,571.599987E-6,-20.0000E-3,
,,,571.999990E-6,0.0,
,,,572.399993E-6,0.0,
,,,572.799996E-6,-20.0000E-3,
,,,573.199999E-6,0.0,
,,,573.600002E-6,-20.0000E-3,
,,,574.000005E-6,-20.0000E-3,
,,,574.400008E-6,-20.0000E-3,
,,,574.800011E-6,0.0,
,,,575.200014E-6,-20.0000E-3,
,,,575.600017E-6,0.0,
,,,576.000020E-6,0.0,
,,,576.400023E-6,-20.0000E-3,
,,,576.800026E-6,0.0,
,,,577.200030E-6,0.0,
,,,577.600033E-6,-20.0000E-3,
,,,577.999977E-6,0.0,
,,,578.399980E-6,0.0,
,,,578.799983E-6,-20.0000E-3,
,,,579.199987E-6,0.0,
,,,579.599990E-6,-20.0000E-3,
,,,579.999993E-6,0.0,
,,,580.399996E-6,0.0,
,,,580.799999E-6,-20.0000E-3,
,,,581.200002E-6,-20.0000E-3,
,,,581.600005E-6,0.0,
,,,582.000008E-6,0.0,
,,,582.400011E-6,-20.0000E-3,
,,,582.800014E-6,0.0,
,,,583.200017E-6,-20.0000E-3,
,,,583.600020E-6,-20.0000E-3,
,,,584.000023E-6,-20.0000E-3,
,,,584.400026E-6,-20.0000E-3,
,,,584.800029E-6,0.0,
,,,585.200032E-6,-40.00000E-3,
,,,585.599977E-6,-20.0000E-3,
,,,585.999980E-6,0.0,
,,,586.399983E-6,0.0,
,,,586.799986E-6,0.0,
,,,587.199989E-6,-20.0000E-3,
,,,587.599992E-6,-20.0000E-3,
,,,587.999995E-6,0.0,
,,,588.399998E-6,-20.0000E-3,
,,,588.800001E-6,-20.0000E-3,
,,,589.200004E-6,0.0,
,,,589.600008E-6,-20.0000E-3,
,,,590.000011E-6,0.0,
,,,590.400014E-6,0.0,
,,,590.800017E-6,-20.0000E-3,
,,,591.200020E-6,-20.0000E-3,
,,,591.600023E-6,-20.0000E-3,
,,,592.000026E-6,0.0,
,,,592.400029E-6,0.0,
,,,592.800032E-6,-20.0000E-3,
,,,593.199977E-6,-20.0000E-3,
,,,593.599980E-6,0.0,
,,,593.999983E-6,0.0,
,,,594.399986E-6,0.0,
,,,594.799989E-6,-20.0000E-3,
,,,595.199992E-6,0.0,
,,,595.599995E-6,-20.0000E-3,
,,,595.999998E-6,0.0,
,,,596.400001E-6,-20.0000E-3,
,,,596.800004E-6,0.0,
,,,597.200007E-6,-20.0000E-3,
,,,597.600010E-6,0.0,
,,,598.000013E-6,0.0,
,,,598.400016E-6,-20.0000E-3,
,,,598.800019E-6,-20.0000E-3,
,,,599.200022E-6,-20.0000E-3,
,,,599.600025E-6,0.0,
,,,600.000028E-6,0.0,
,,,600.400032E-6,-20.0000E-3,
,,,600.800035E-6,0.0,
,,,601.199979E-6,0.0,
,,,601.599982E-6,-20.0000E-3,
,,,601.999986E-6,0.0,
,,,602.399989E-6,0.0,
,,,602.799992E-6,0.0,
,,,603.199995E-6,0.0,
,,,603.599998E-6,0.0,
,,,604.000001E-6,-20.0000E-3,
,,,604.400004E-6,0.0,
,,,604.800007E-6,-20.0000E-3,
,,,605.200010E-6,-20.0000E-3,
,,,605.600013E-6,0.0,
,,,606.000016E-6,0.0,
,,,606.400019E-6,-20.0000E-3,
,,,606.800022E-6,-20.0000E-3,
,,,607.200025E-6,0.0,
,,,607.600028E-6,-20.0000E-3,
,,,608.000031E-6,-20.0000E-3,
,,,608.400034E-6,0.0,
,,,608.799979E-6,0.0,
,,,609.199982E-6,0.0,
,,,609.599985E-6,-20.0000E-3,
,,,609.999988E-6,0.0,
,,,610.399991E-6,0.0,
,,,610.799994E-6,0.0,
,,,611.199997E-6,0.0,
,,,611.600000E-6,0.0,
,,,612.000003E-6,-20.0000E-3,
,,,612.400007E-6,-20.0000E-3,
,,,612.800010E-6,0.0,
,,,613.200013E-6,0.0,
,,,613.600016E-6,-20.0000E-3,
,,,614.000019E-6,0.0,
,,,614.400022E-6,0.0,
,,,614.800025E-6,-20.0000E-3,
,,,615.200028E-6,0.0,
,,,615.600031E-6,-20.0000E-3,
,,,616.000034E-6,0.0,
,,,616.399979E-6,-20.0000E-3,
,,,616.799982E-6,0.0,
,,,617.199985E-6,-20.0000E-3,
,,,617.599988E-6,0.0,
,,,617.999991E-6,0.0,
,,,618.399994E-6,0.0,
,,,618.799997E-6,0.0,
,,,619.200000E-6,-20.0000E-3,
,,,619.600003E-6,-20.0000E-3,
,,,620.000006E-6,0.0,
,,,620.400009E-6,-20.0000E-3,
,,,620.800012E-6,0.0,
,,,621.200015E-6,0.0,
,,,621.600018E-6,0.0,
,,,622.000021E-6,0.0,
,,,622.400024E-6,0.0,
,,,622.800027E-6,-20.0000E-3,
,,,623.200031E-6,-20.0000E-3,
,,,623.600034E-6,-20.0000E-3,
,,,623.999978E-6,0.0,
,,,624.399981E-6,-20.0000E-3,
,,,624.799985E-6,-20.0000E-3,
,,,625.199988E-6,0.0,
,,,625.599991E-6,-20.0000E-3,
,,,625.999994E-6,0.0,
,,,626.399997E-6,0.0,
,,,626.800000E-6,-20.0000E-3,
,,,627.200003E-6,-20.0000E-3,
,,,627.600006E-6,-20.0000E-3,
,,,628.000009E-6,0.0,
,,,628.400012E-6,0.0,
,,,628.800015E-6,0.0,
,,,629.200018E-6,0.0,
,,,629.600021E-6,-20.0000E-3,
,,,630.000024E-6,-20.0000E-3,
,,,630.400027E-6,-20.0000E-3,
,,,630.800030E-6,-20.0000E-3,
,,,631.200033E-6,-20.0000E-3,
,,,631.599978E-6,0.0,
,,,631.999981E-6,0.0,
,,,632.399984E-6,-20.0000E-3,
,,,632.799987E-6,0.0,
,,,633.199990E-6,0.0,
,,,633.599993E-6,0.0,
,,,633.999996E-6,0.0,
,,,634.399999E-6,-20.0000E-3,
,,,634.800002E-6,-20.0000E-3,
,,,635.200005E-6,-20.0000E-3,
,,,635.600009E-6,-20.0000E-3,
,,,636.000012E-6,0.0,
,,,636.400015E-6,0.0,
,,,636.800018E-6,-20.0000E-3,
,,,637.200021E-6,0.0,
,,,637.600024E-6,0.0,
,,,638.000027E-6,-20.0000E-3,
,,,638.400030E-6,-20.0000E-3,
,,,638.800033E-6,0.0,
,,,639.199978E-6,0.0,
,,,639.599981E-6,0.0,
